FOLIO,NOMBRE_PROYECTO,NUMERO_PROYECTO,ID_ENTIDAD_FEDERATIVA,ENTIDAD,ID_MUNICIPIO,MUNICIPIO,ID_LOCALIDAD,LOCALIDAD,LATITUD,LONGITUD,AMBITO,ID_RECURSO,RECURSO,CLAVE_PROGRAMA_PRESUPUESTARIO,PROGRAMA_PRESUPUESTARIO,ID_RAMO,RAMO,INSTITUCION_EJECUTORA,ID_CLASIFICACION,CLASIFICACION,ID_TIPOPPI,TIPOPPI,BENEFICIARIOS,INICIO,TERMINO,DIRECCION,ID_CONCURRENCIA_DE_RECURSOS,CONCURRENCIA,CICLO_RECURSO,AUTORIZADO /1,MODIFICADO /1,MINISTRADO /2,COMPROMETIDO /1,DEVENGADO /1,EJERCIDO /1,PAGADO /1,AVANCE_FINANCIERO,UNIDADMEDIDA,POBLACION_ANUAL,AVANCE_ESTIMADO_ANUAL,AVANCE_FISICO,ID_ESTATUS_FLUJO_VALIDACION,ESTATUS_FLUJO_VALIDACION,OBSER_FISICO_PER,KA_ESTATUS /3,DESC_ESTATUS /3
AGU00130300191380,Programa Integral De Capacitación Y Competitividad Turística 2013.,2013-05,1,Aguascalientes,0,Cobertura estatal,,,21.879823,-102.296047,,1,Subsidios,U001,Apoyos para el Desarrollo de la Oferta Turística,21,Turismo,SECRETARÍA DE TURISMO DEL GOBIERNO DEL ESTADO DE AGUASCALIENTES.,6,Cultura y turismo,5,Otros proyectos de Inversión,MANTENER Y ELEVAR LA COMPETITIVIDAD DE LOS PRESTADORES DE SERVICIOS TURÍSTICOS ANTE LA DEMANDA DE LAS COMPETENCIAS LABORALES Y DEL MERCADO TURÍSTICO.,22/08/2013,31/10/2014,,1,Coparticipación Federal-Estatal,2013,1000000,1000000,500000,70000,0,0,0,0,Curso,0,100,15,3,VALIDADO,Financiera:  / Física:  / Registro: SISTEMA: Pasa al siguiente nivel.,3,Suspendido
AGU00130300191380,Programa Integral De Capacitación Y Competitividad Turística 2013.,2013-05,1,Aguascalientes,0,Cobertura estatal,,,21.879823,-102.296047,,1,Subsidios,U001,Apoyos para el Desarrollo de la Oferta Turística,21,Turismo,SECRETARÍA DE TURISMO DEL GOBIERNO DEL ESTADO DE AGUASCALIENTES.,6,Cultura y turismo,5,Otros proyectos de Inversión,MANTENER Y ELEVAR LA COMPETITIVIDAD DE LOS PRESTADORES DE SERVICIOS TURÍSTICOS ANTE LA DEMANDA DE LAS COMPETENCIAS LABORALES Y DEL MERCADO TURÍSTICO.,22/08/2013,31/10/2014,,1,Coparticipación Federal-Estatal,2013,1000000,1000000,1000000,999900.02,999900.02,999900.02,999900.02,99.99,Curso,0,100,100,3,VALIDADO,Financiera:  / Física:  / Registro: SISTEMA: Pasa al siguiente nivel.,3,Suspendido
AGU00130300197797,Fondo Para La Accesibilidad En L Transporte Publico Para Las Personas Con Discapacidad,-,1,Aguascalientes,0,Cobertura estatal,,,21.879823,-102.296047,,1,Subsidios,U075,Fondo para la Accesibilidad en el Transporte Público para las Personas con Discapacidad,23,Provisiones Salariales y Económicas,SECRETARIA DE INFRAESTRUCTURA Y COMUNICACIONES DIRECCIÓN GENERAL DE TRANPORTE,7,Asistencia Social,5,Otros proyectos de Inversión,TRANSPORTE DE MANERA GRATUITA A PERSONAS CON DISCAPACIDAD PARA SU ATENCIÓN Y REHABILITACIÓN MEDICA,14/03/2013,31/10/2014,,0,,2013,6509756,6509756,6509756,6509756,0,0,0,0,Vehículo,0,100,0,3,VALIDADO,Financiera:  / Física:  / Registro: SIN OBSERVACIONES - SISTEMA: Pasa al siguiente nivel.,3,Suspendido
AGU00130300197797,Fondo Para La Accesibilidad En L Transporte Publico Para Las Personas Con Discapacidad,-,1,Aguascalientes,0,Cobertura estatal,,,21.879823,-102.296047,,1,Subsidios,U075,Fondo para la Accesibilidad en el Transporte Público para las Personas con Discapacidad,23,Provisiones Salariales y Económicas,SECRETARIA DE INFRAESTRUCTURA Y COMUNICACIONES DIRECCIÓN GENERAL DE TRANPORTE,7,Asistencia Social,5,Otros proyectos de Inversión,TRANSPORTE DE MANERA GRATUITA A PERSONAS CON DISCAPACIDAD PARA SU ATENCIÓN Y REHABILITACIÓN MEDICA,14/03/2013,31/10/2014,,0,,2013,6509756,6509756,6509756,6509756,0,0,0,0,Vehículo,0,100,50,3,VALIDADO,"Financiera:  / Física:  / Registro: SE LICITO EN EL MES DE DICIEMBRE DEL 2013, ASIGNANDOSE EN EL MISMO MES ALA EMPRESA GANADORA PARA SU CONSTRUCCION - SISTEMA: Pasa al siguiente nivel.",3,Suspendido
AGU00130400234483,Complemento Construcción De Unidad Multifuncional Y Equipamiento De Laboratorio,1,1,Aguascalientes,0,Cobertura estatal,,,21.879823,-102.296047,,2,Aportaciones Federales,I008,FAM Infraestructura Educativa Media Superior y Superior,33,Aportaciones Federales para Entidades Federativas y Municipios,Instituto Tecnológico de Pabellón de Arteaga,2,Educación,2,Proyecto de Inversión de Infraestructura Social,terminación de unidad multifuncional y avance de equipamiento de laboratorio,21/01/2013,31/10/2014,,1,Coparticipación Federal-Estatal,2013,3000000,3000000,3000000,3000000,2972402.3,2972402.3,2972402.3,99.08,Obra,501,100,99.08,3,VALIDADO,Financiera:  / Física:  / Registro: SISTEMA: Pasa al siguiente nivel.,3,Suspendido
AGU00130400265154,"Iluminacion De Centro Historico Ii, Varias Calles, Palo Alto",Vo.Bo. 0129-13,1,Aguascalientes,10,El Llano,1,Palo Alto,21.918869,-101.965307,Urbano,1,Subsidios,U058,Fondo de pavimentación y desarrollo municipal,23,Provisiones Salariales y Económicas,OBRAS PUBLICAS,7,Asistencia Social,2,Proyecto de Inversión de Infraestructura Social,.,23/09/2013,01/12/2013,,2,Coparticipación Federal-Estatal-Municipal,2013,1036123,1036123,1036123,1036123,1036123,1036123,1036123,100,Luminaria,4500,100,100,3,VALIDADO,Financiera: . / Física: . / Registro: .,3,Suspendido
AGU00160100638546,Pavimentacion De Calle Emiliano Zapata Entre Calle Arroyo Y Calle Francisco I Madero,FIEM-001-2016,1,Aguascalientes,4,Cosío,30,El Salero,22.387222,-102.323611,Rural,1,Subsidios,U092,Fortalecimiento Financiero,23,Provisiones Salariales y Económicas,MUNICIPIO DE COSIO,5,Urbanización,2,Proyecto de Inversión de Infraestructura Social,,01/06/2016,06/08/2016,EMILIANO ZAPATA ENTRE CALLE ARROYO Y CALLE FRANCISCO I MADERO,1,Coparticipación Federal-Estatal,,1064124.35,,,,,,,,,,,,1,Registro,Financiera:  / Física:  / Registro:,2,Terminado
AGU00160100639186,Programa Juntos Nutrimos Aguascalientes 2016,3,1,Aguascalientes,1,Aguascalientes,,,21.879823,-102.296047,,2,Aportaciones Federales,I005,FORTAMUN,33,Aportaciones Federales para Entidades Federativas y Municipios,SECRETARIA DE DESARROLLO SOCIAL MUNICIPIO AGUASCALIENTES,0,Otros Proyectos,5,Otros proyectos de Inversión,,12/04/2016,,MUNICIPIO AGUASCALIENTES,0,,,14021000,,,,,,,,,,,,1,Registro,Financiera:  / Física:  / Registro:,4,Cancelado
AGU00160200646062,523. Cámaras Fotográficas Y De Video. - 32093,32093,1,Aguascalientes,8,San José de Gracia,1,San José de Gracia,22.150216,-102.415634,Urbano,2,Aportaciones Federales,I004,FAIS Municipal y de las Demarcaciones Territoriales del Distrito Federal,33,Aportaciones Federales para Entidades Federativas y Municipios,DIRECCION DE OBRAS PUBLICAS Y PLANEACION DEL MUNICIPIO DE SAN JOSE DE GRACIA,0,Otros Proyectos,5,Otros proyectos de Inversión,,28/04/2016,31/08/2016,DADO QUE ES GASTO INDIRECTO EL PROYECTO SE UBICA EN LA CABECERA MUNICIPAL,0,,,23159.13,,,,,,,,,,,,1,Registro,Financiera:  / Física:  / Registro:,1,En Ejecución
AGU00160200646063,523. Cámaras Fotográficas Y De Video. - 32073,32073,1,Aguascalientes,8,San José de Gracia,1,San José de Gracia,22.150216,-102.415634,Urbano,2,Aportaciones Federales,I004,FAIS Municipal y de las Demarcaciones Territoriales del Distrito Federal,33,Aportaciones Federales para Entidades Federativas y Municipios,DIRECCION DE OBRAS PUBLICAS Y PLANEACION DEL MUNICIPIO DE SAN JOSE DE GRACIA,0,Otros Proyectos,5,Otros proyectos de Inversión,,28/04/2016,31/08/2016,DADO QUE ES GASTO INDIRECTO EL PROYECTO SE UBICA EN LA CABECERA MUNICIPAL,0,,,36000,,,,,,,,,,,,1,Registro,Financiera:  / Física:  / Registro:,1,En Ejecución
AGU00160200648503,33604 Impresion Y Elaboracion De Material Informativo Derivado De La Operacion Y Administracion De Las Dependencias Y Entidades - 63344,63344,1,Aguascalientes,6,Pabellón de Arteaga,1,Pabellón de Arteaga,22.149202,-102.276542,Urbano,2,Aportaciones Federales,I004,FAIS Municipal y de las Demarcaciones Territoriales del Distrito Federal,33,Aportaciones Federales para Entidades Federativas y Municipios,MUNICIPIO DE PABELLÓN DE ARTEAGA,0,Otros Proyectos,5,Otros proyectos de Inversión,,01/06/2016,31/12/2016,DADO QUE ES GASTO INDIRECTO EL PROYECTO SE UBICA EN LA CABECERA MUNICIPAL,0,,,187018,,,,,,,,,,,,1,Registro,Financiera:  / Física:  / Registro:,1,En Ejecución
AGU00160200650887,523. Cámaras Fotográficas Y De Video. - 32080,32080,1,Aguascalientes,8,San José de Gracia,1,San José de Gracia,22.150216,-102.415634,Urbano,2,Aportaciones Federales,I004,FAIS Municipal y de las Demarcaciones Territoriales del Distrito Federal,33,Aportaciones Federales para Entidades Federativas y Municipios,DIRECCION DE OBRAS PUBLICAS Y PLANEACION DEL MUNICIPIO DE SAN JOSE DE GRACIA,0,Otros Proyectos,5,Otros proyectos de Inversión,,28/04/2016,29/06/2016,DADO QUE ES GASTO INDIRECTO EL PROYECTO SE UBICA EN LA CABECERA MUNICIPAL,0,,,18000,,,,,,,,,,,,1,Registro,Financiera:  / Física:  / Registro:,1,En Ejecución
AGU00160200655616,"35501 Mantenimiento Y Conservación De Vehículos Terrestres, Aéreos, Marítimos, Lacustres Y Fluviales - 63348",63348,1,Aguascalientes,6,Pabellón de Arteaga,1,Pabellón de Arteaga,22.149202,-102.276542,Urbano,2,Aportaciones Federales,I004,FAIS Municipal y de las Demarcaciones Territoriales del Distrito Federal,33,Aportaciones Federales para Entidades Federativas y Municipios,MUNICIPIO DE PABELLÓN DE ARTEAGA,0,Otros Proyectos,5,Otros proyectos de Inversión,,01/06/2016,31/12/2016,DADO QUE ES GASTO INDIRECTO EL PROYECTO SE UBICA EN LA CABECERA MUNICIPAL,0,,,67299,,,,,,,,,,,,1,Registro,Financiera:  / Física:  / Registro:,1,En Ejecución
AGU00160200658055,"35501 Mantenimiento Y Conservación De Vehículos Terrestres, Aéreos, Marítimos, Lacustres Y Fluviales - 32085",32085,1,Aguascalientes,8,San José de Gracia,1,San José de Gracia,22.150216,-102.415634,Urbano,2,Aportaciones Federales,I004,FAIS Municipal y de las Demarcaciones Territoriales del Distrito Federal,33,Aportaciones Federales para Entidades Federativas y Municipios,DIRECCION DE OBRAS PUBLICAS Y PLANEACION DEL MUNICIPIO DE SAN JOSE DE GRACIA,0,Otros Proyectos,5,Otros proyectos de Inversión,,28/04/2016,31/08/2016,DADO QUE ES GASTO INDIRECTO EL PROYECTO SE UBICA EN LA CABECERA MUNICIPAL,0,,,45000,,,,,,,,,,,,1,Registro,Financiera:  / Física:  / Registro:,1,En Ejecución
AGU00160200685119,Rehabilitación De La Red De Alcantarillado Sanitario Av Convención Col Insurgentes - 104442,104442,1,Aguascalientes,1,Aguascalientes,1,Aguascalientes,21.85119265,-102.3084295,Urbano,2,Aportaciones Federales,I004,FAIS Municipal y de las Demarcaciones Territoriales del Distrito Federal,33,Aportaciones Federales para Entidades Federativas y Municipios,H AYUNTAMIENTO DE AGUASCALIENTES,4,Agua y saneamiento,2,Proyecto de Inversión de Infraestructura Social,,01/05/2016,30/06/2016,"AVENIDA CONVENCIÓN INTERIOR SN COLONIA INSURGENTES, 20287  AGUASCALIENTES, AGUASCALIENTES AGUASCALIENTES  ENTRE CALLE GENERAL MATEO ALMANZA Y AVENIDA BELISARIO DOMÍNGUEZ, AVENIDA DR. MARIANO AZUELA CIRCULANDO POR AV. DE LOS MAESTROS DARÁ VUELTA POR AV. CONVENCIÓN HASTA LLEGAR AL TRAMO ENTRE LA CALLE GRAL. MATEO ALMANZA Y AV. BELISARIO DOMÍNGUEZ",0,,,990743.08,,,,,,,,,,,,1,Registro,Financiera:  / Física:  / Registro:,1,En Ejecución
AGU00160200685120,Rehabilitación De La Red De Alcantarillado Privada Plan De Iguala Col Insurgentes - 104381,104381,1,Aguascalientes,1,Aguascalientes,1,Aguascalientes,21.85058521,-102.3088238,Urbano,2,Aportaciones Federales,I004,FAIS Municipal y de las Demarcaciones Territoriales del Distrito Federal,33,Aportaciones Federales para Entidades Federativas y Municipios,H AYUNTAMIENTO DE AGUASCALIENTES,4,Agua y saneamiento,2,Proyecto de Inversión de Infraestructura Social,,01/05/2016,15/06/2016,"PRIVADA PLAN DE IGUALA INTERIOR SN COLONIA INSURGENTES, 20287  AGUASCALIENTES, AGUASCALIENTES AGUASCALIENTES  ENTRE CALLE GENERAL MATEO ALMANZA Y CALLE EJÉRCITO INSURGENTE, CALLE REGIMIENTO DE DRAGONES CIRCULANDO POR AV. DE LOS MAESTROS DARÁ VUELTA EN AV. CONVENCIÓN HASTA LLEGAR A LA CALLE EJÉRCITO INSURGENTE Y DARÁ VUELTA EN LA SEGUNDA PRIVADA PLAN DE IGUALA",0,,,478042.36,,,,,,,,,,,,1,Registro,Financiera:  / Física:  / Registro:,1,En Ejecución
AGU00160200701529,Rehabilitación De La Red De Alcantarillado Sanitario Calle Regimiento De Dragones Col Insurgentes - 104397,104397,1,Aguascalientes,1,Aguascalientes,1,Aguascalientes,21.85025179,-102.3093254,Urbano,2,Aportaciones Federales,I004,FAIS Municipal y de las Demarcaciones Territoriales del Distrito Federal,33,Aportaciones Federales para Entidades Federativas y Municipios,H AYUNTAMIENTO DE AGUASCALIENTES,4,Agua y saneamiento,2,Proyecto de Inversión de Infraestructura Social,,01/05/2016,15/06/2016,"CALLE REGIMIENTO DE DRAGONES INTERIOR SN COLONIA INSURGENTES, 20287  AGUASCALIENTES, AGUASCALIENTES AGUASCALIENTES  ENTRE CALLE GENERAL MATEO ALMANZA Y CALLE EJÉRCITO INSURGENTE, AVENIDA ABRAHAM GONZÁLEZ CIRCULANDO POR AV. DE LOS MAESTROS DARÁ VUELTA EN AV. CONVENCIÓN HASTA LLEGAR A LA CALLE EJÉRCITO INSURGENTE Y DARÁ VUELTA EN LA TERCERA CALLE QUE SERÁ LA CALLE REGIMIENTO DE DRAGONES",0,,,622654.02,,,,,,,,,,,,1,Registro,Financiera:  / Física:  / Registro:,1,En Ejecución
AGU00160200707124,Rehabilitación De La Red De Alcantarillado Sanitario Calle Dr Mariano Azuela Col Insurgentes - 105809,105809,1,Aguascalientes,1,Aguascalientes,1,Aguascalientes,21.85276711,-102.3081053,Urbano,2,Aportaciones Federales,I004,FAIS Municipal y de las Demarcaciones Territoriales del Distrito Federal,33,Aportaciones Federales para Entidades Federativas y Municipios,H AYUNTAMIENTO DE AGUASCALIENTES,4,Agua y saneamiento,2,Proyecto de Inversión de Infraestructura Social,,01/05/2016,30/09/2016,"CALLE DR. MARIANO AZUELA INTERIOR SN COLONIA INSURGENTES, 20287  AGUASCALIENTES, AGUASCALIENTES AGUASCALIENTES  ENTRE CALLE GENERAL MATEO ALMANZA Y AVENIDA BELISARIO DOMÍNGUEZ, AVENIDA AV. CONVENCIÓN CIRCULANDO POR AVENIDA DE LOS MAESTROS DE NORTE A SUR DAR VUELTA A LA DERECHA EN LA CALLE DR. MARIANO AZUELA HASTA LLEGAR AL TRAMO COMPRENDIDO ENTRE LA CALLE GENERAL MATEO ALMANZA Y LA AVENIDA BELISARIO DOMINGUEZ.",0,,,1425691.01,,,,,,,,,,,,1,Registro,Financiera:  / Física:  / Registro:,1,En Ejecución
AGU00160200707126,Rehabilitación De La Red De Alcantarillado Sanitario Calle Los Pocitos Col Insurgentes - 104404,104404,1,Aguascalientes,1,Aguascalientes,1,Aguascalientes,21.84775974,-102.3106713,Urbano,2,Aportaciones Federales,I004,FAIS Municipal y de las Demarcaciones Territoriales del Distrito Federal,33,Aportaciones Federales para Entidades Federativas y Municipios,H AYUNTAMIENTO DE AGUASCALIENTES,4,Agua y saneamiento,2,Proyecto de Inversión de Infraestructura Social,,01/05/2016,15/06/2016,"CALLE LOS POCITOS INTERIOR SN COLONIA INSURGENTES, 20287  AGUASCALIENTES, AGUASCALIENTES AGUASCALIENTES  ENTRE CALLE GENERAL LUIS MOYA Y CALLE GENERAL JULIÁN MEDINA, CALLE MIGUEL RAMOS ARIZPE CIRCULANDO POR AV DE LOS MAESTROS DARÁ VUELTA EN LA CALLE JULIÁN MEDINA HASTA LLEGAR A LA CALLE POCITOS EN DICHA CALLE SE ENCUENTRA UBICADA LA ESCUELA PRIMARIA JUAN ESCUTIA",0,,,178292.52,,,,,,,,,,,,1,Registro,Financiera:  / Física:  / Registro:,1,En Ejecución
AGU00160200712446,Rehabilitación De La Red De Alcantarillado Sanitario Calle Altagracia Mercado Col Insurgentes - 166153,166153,1,Aguascalientes,1,Aguascalientes,1,Aguascalientes,21.84737942,-102.3093792,Urbano,2,Aportaciones Federales,I004,FAIS Municipal y de las Demarcaciones Territoriales del Distrito Federal,33,Aportaciones Federales para Entidades Federativas y Municipios,H AYUNTAMIENTO DE AGUASCALIENTES,4,Agua y saneamiento,2,Proyecto de Inversión de Infraestructura Social,,01/05/2016,15/06/2016,"CALLE ALTAGRACIA MERCADO INTERIOR SN COLONIA INSURGENTES, 20287  AGUASCALIENTES, AGUASCALIENTES AGUASCALIENTES  ENTRE CALLE GENERAL JULIÁN MEDINA Y CALLE GENERAL LUIS MOYA, AVENIDA BELISARIO DOMINGUEZ CIRCULANDO POR AV. SIGLO XXI A LA ALTURA DE LA COL. INSURGENTES DARÁ VUELTA EN LA AV. BELISARIO DOMINGUEZ Y LUEGO VUELTA EN GENERAL JULIÁN MEDINA DONDE DARÁ VUELTA A LA DERECHA EN LA PRIMER CALLE QUE SERÁ CALLE ALTAGRACIA MERCADO HAY UNA ESC.PRIMARIA",0,,,545608.8,,,,,,,,,,,,1,Registro,Financiera:  / Física:  / Registro:,1,En Ejecución
AGU00160200712447,Rehabilitación De La Red De Alcantarillado Sanitario De Privada Congreso Constituyente Col Insurgentes - 165626,165626,1,Aguascalientes,1,Aguascalientes,1,Aguascalientes,21.85150208,-102.3084539,Urbano,2,Aportaciones Federales,I004,FAIS Municipal y de las Demarcaciones Territoriales del Distrito Federal,33,Aportaciones Federales para Entidades Federativas y Municipios,H AYUNTAMIENTO DE AGUASCALIENTES,4,Agua y saneamiento,2,Proyecto de Inversión de Infraestructura Social,,01/05/2016,15/06/2016,"PRIVADA CONGRESO CONSTITUYENTE INTERIOR SN COLONIA INSURGENTES, 20287  AGUASCALIENTES, AGUASCALIENTES AGUASCALIENTES  ENTRE AVENIDA CONVENCIÓN Y AVENIDA DR. MARIANO AZUELA, CALLE GENERAL MATEO ALMANZA SE ENTRA POR LA AVENIDA CONVENCIÓN A LA CUAL LLEGA SI VA POR LA AVENIDA DE LOS MAESTROS DE SUR A NORTE Y DA VUELTA A LA DERECHA",0,,,193298.8,,,,,,,,,,,,1,Registro,Financiera:  / Física:  / Registro:,1,En Ejecución
AGU00160200717703,Rehabilitación De La Red De Alcantarillado Sanitario Calle Ejército Insurgente Col Insurgentes - 165347,165347,1,Aguascalientes,1,Aguascalientes,1,Aguascalientes,21.85040935,-102.3084534,Urbano,2,Aportaciones Federales,I004,FAIS Municipal y de las Demarcaciones Territoriales del Distrito Federal,33,Aportaciones Federales para Entidades Federativas y Municipios,H AYUNTAMIENTO DE AGUASCALIENTES,4,Agua y saneamiento,2,Proyecto de Inversión de Infraestructura Social,,01/05/2016,15/06/2016,"CALLE EJÉRCITO INSURGENTE INTERIOR SN COLONIA INSURGENTES, 20287  AGUASCALIENTES, AGUASCALIENTES AGUASCALIENTES  ENTRE CALLE ABRAHAM GONZÁLEZ Y AVENIDA CONVENCIÓN, CALLE GENERAL MATEO ALMANZA POR AVENIDA SIGLO XXI A LA ALTURA DE LA COLONIA INSURGENTES DARÁ VUELTA SOBRE LA CALLE BELISARIO DOMÍNGUEZ CRUZARA DOS CALLES AL LLEGAR A CALLE ABRAHAM GONZÁLEZ DARÁ VUELTA A LA IZQUIERDA Y DESPUÉS A LA DERECHA SOBRE CALLE EJERCITO INSURGENTE",0,,,496976.9,,,,,,,,,,,,1,Registro,Financiera:  / Física:  / Registro:,1,En Ejecución
AGU00160200717704,Rehabilitación De La Red De Alcantarillado Privada Constitución De 1857 Col Insurgentes - 104386,104386,1,Aguascalientes,1,Aguascalientes,1,Aguascalientes,21.85090262,-102.3084871,Urbano,2,Aportaciones Federales,I004,FAIS Municipal y de las Demarcaciones Territoriales del Distrito Federal,33,Aportaciones Federales para Entidades Federativas y Municipios,H AYUNTAMIENTO DE AGUASCALIENTES,4,Agua y saneamiento,2,Proyecto de Inversión de Infraestructura Social,,01/05/2016,15/06/2016,"PRIVADA CONSTITUCIÓN DE 1857 INTERIOR SN COLONIA INSURGENTES, 20287  AGUASCALIENTES, AGUASCALIENTES AGUASCALIENTES  ENTRE CALLE GENERAL MATEO ALMANZA Y CALLE EJÉRCITO INSURGENTE, AVENIDA CONVENCIÓN CIRCULANDO POR AV. DE LOS MAESTROS DARÁ VUELTA EN AV. CONVENCIÓN HASTA LLEGAR A LA CALLE EJÉRCITO INSURGENTE Y DARÁ VUELTA EN LA PRIMER PRIVADA CONSTITUCIÓN DE 1857",0,,,140322.25,,,,,,,,,,,,1,Registro,Financiera:  / Física:  / Registro:,1,En Ejecución
AGU00160200717706,Rehabilitación De La Red De Alcantarillado Sanitario Calle General Luis Caballero Colonia Insurgentes - 111629,111629,1,Aguascalientes,1,Aguascalientes,1,Aguascalientes,21.848733,-102.3148668,Urbano,2,Aportaciones Federales,I004,FAIS Municipal y de las Demarcaciones Territoriales del Distrito Federal,33,Aportaciones Federales para Entidades Federativas y Municipios,H AYUNTAMIENTO DE AGUASCALIENTES,4,Agua y saneamiento,2,Proyecto de Inversión de Infraestructura Social,,01/05/2016,30/09/2016,"CALLE GENERAL LUIS CABALLERO INTERIOR SN COLONIA INSURGENTES, 20287  AGUASCALIENTES, AGUASCALIENTES AGUASCALIENTES  ENTRE CALLE INGENIERO CAMILO ARRIAGA Y CALLE GENERAL FRANCISCO CARRERA TORRES, CALLE LUIS MEDINA SE LLEGA CIRCULANDO DE SUR A NORTE SOBRE AVENIDA DE LOS MAESTROS SE DA VUELTA EN LA CALLE GENERAL JULIÁN MEDINA POSTERIORMENTE DA VUELTA EN LA CALLE INGENIERO CAMILO ARRIAGA Y POR ULTIMO DA VUELTA EN LA CALLE GENERAL LUIS CABALLERO",0,,,2041375.11,,,,,,,,,,,,1,Registro,Financiera:  / Física:  / Registro:,1,En Ejecución
AGU00160200723308,Rehabilitación De La Red De Alcantarillado Sanitario Calle Miguel Ramos Arizpe Col Insurgentes - 166327,166327,1,Aguascalientes,1,Aguascalientes,1,Aguascalientes,21.84755369,-102.3098781,Urbano,2,Aportaciones Federales,I004,FAIS Municipal y de las Demarcaciones Territoriales del Distrito Federal,33,Aportaciones Federales para Entidades Federativas y Municipios,H AYUNTAMIENTO DE AGUASCALIENTES,4,Agua y saneamiento,2,Proyecto de Inversión de Infraestructura Social,,01/05/2016,15/06/2016,"CALLE MIGUEL RAMOS ARIZPE INTERIOR SN COLONIA INSURGENTES, 20287  AGUASCALIENTES, AGUASCALIENTES AGUASCALIENTES  ENTRE CALLE GENERAL JULIÁN MEDINA Y CALLE GENERAL LUIS MOYA, CALLE ALTAGRACIA MERCADO CIRCULANDO POR AV. SIGLO XXI A LA ALTURA DE LA COL. INSURGENTES DARÁ VUELTA EN LA AV. BELISARIO DOMINGUEZ Y LUEGO VUELTA EN GENERAL JULIÁN MEDINA DONDE DARÁ VUELTA A LA DERECHA EN LA SEGUNDA CALLE QUE SERÁ CALLE MIGUEL RAMOS ARIZPE",0,,,470037.15,,,,,,,,,,,,1,Registro,Financiera:  / Física:  / Registro:,1,En Ejecución
AGU00160200723311,Construcción De Colector Sanitario Margen Izquierda Calle Irapuato Comunidad Calvillito - 111146,111146,1,Aguascalientes,1,Aguascalientes,2408,Calvillito (Barrio de la Escuela),21.82675312,-102.1883415,Rural,2,Aportaciones Federales,I004,FAIS Municipal y de las Demarcaciones Territoriales del Distrito Federal,33,Aportaciones Federales para Entidades Federativas y Municipios,H AYUNTAMIENTO DE AGUASCALIENTES,4,Agua y saneamiento,2,Proyecto de Inversión de Infraestructura Social,,15/04/2016,15/11/2016,"CALLE IRAPUATO FRACCIONAMIENTO VILLA LICENCIADO JESÚS TERÁN (CALVILLITO), 20344  CALVILLITO (BARRIO DE LA ESCUELA), AGUASCALIENTES AGUASCALIENTES  ENTRE AVENIDA GUADALUPE NÁJERA JIMÉNEZ Y CALLE CELAYA, AVENIDA GUADALUPE NÁJERA JIMÉNEZ DE LA PLANTA TRATADORA DE AGUAS RESIDUALES DE CALVILLITO HACIA LA CALLE IRAPUATO PUEDE LLEGAR POR LA AV. GUADALUPE NÁJERA JIMÉNEZ",0,,,7328896.11,,,,,,,,,,,,1,Registro,Financiera:  / Física:  / Registro:,1,En Ejecución
AGU00160300741996,"Pavimentacion Con Concreto Hidraulico De La Calle Matamoros De La Calle Vicente Guerrero Y Calle Ejido, Cosio, Ags.",PRORE-004-2016,1,Aguascalientes,4,Cosío,,,22.366409,-102.300044,,3,Convenios,U022,Programas Regionales,23,Provisiones Salariales y Económicas,MUNICIPIO DE COSIO,5,Urbanización,2,Proyecto de Inversión de Infraestructura Social,,01/08/2016,24/11/2016,"CALLE MATAMOROS DE LA CALLE VICENTE GUERRERO Y CALLE EJIDO, COSIO, AGS.",3,Coparticipación Federal-Municipal,,3239914,,,,,,,,,,,,1,Registro,Financiera:  / Física:  / Registro:,2,Terminado
AGU00160300748300,Mejoramiento De Escuela Telesecundaria Número Cuarenta Y Cinco Enrique Olivares En Norias De Ojocaliente - 349575,349575,1,Aguascalientes,1,Aguascalientes,293,Norias de Ojocaliente,21.88655748,-102.2196956,Urbano,2,Aportaciones Federales,I004,FAIS Municipal y de las Demarcaciones Territoriales del Distrito Federal,33,Aportaciones Federales para Entidades Federativas y Municipios,H AYUNTAMIENTO DE AGUASCALIENTES,2,Educación,2,Proyecto de Inversión de Infraestructura Social,,01/06/2016,30/06/2016,"CALLE DIAMANTES 113 INTERIOR SN FRACCIONAMIENTO NORIAS DEL OJOCALIENTE, 20367 NORIAS DE OJOCALIENTE, AGUASCALIENTES AGUASCALIENTES ENTRE CALLE AGUA",0,,,160623.65,,,,,,,,,,,,1,Registro,Financiera:  / Física:  / Registro:,1,En Ejecución
AGU00160300748303,Mejoramiento De Escuela Telesecundaria Número Noventa Y Ocho José María Bocanegra Comunidad Norias De Paso Hondo - 350861,350861,1,Aguascalientes,1,Aguascalientes,357,Norias del Paso Hondo,21.86220111,-102.209108,Urbano,2,Aportaciones Federales,I004,FAIS Municipal y de las Demarcaciones Territoriales del Distrito Federal,33,Aportaciones Federales para Entidades Federativas y Municipios,H AYUNTAMIENTO DE AGUASCALIENTES,2,Educación,2,Proyecto de Inversión de Infraestructura Social,,01/06/2016,30/06/2016,"CALLE NINGUNA EJIDO NORIAS DEL PASO HONDO, 20384 NORIAS DEL PASO HONDO, AGUASCALIENTES AGUASCALIENTES ENTRE CALLE JAZMIN Y CALLE CLAVEL, CIRCULAND",0,,,176199.25,,,,,,,,,,,,1,Registro,Financiera:  / Física:  / Registro:,1,En Ejecución
AGU00160300748311,Mejoramiento De Escuela Primaria Alberto Fuentes Dávila Col Ojo De Gua De Palmitas - 331286,331286,1,Aguascalientes,1,Aguascalientes,1,Aguascalientes,21.85791478,-102.237304,Urbano,2,Aportaciones Federales,I004,FAIS Municipal y de las Demarcaciones Territoriales del Distrito Federal,33,Aportaciones Federales para Entidades Federativas y Municipios,H AYUNTAMIENTO DE AGUASCALIENTES,2,Educación,2,Proyecto de Inversión de Infraestructura Social,,01/06/2016,31/07/2016,"CALLE MARÍA ISABEL RODRÍGUEZ COLONIA OJO DE AGUA DE PALMITAS, 20263 AGUASCALIENTES, AGUASCALIENTES AGUASCALIENTES ENTRE CALLE FRANCISCO SARABIA Y ,",0,,,316493.4,,,,,,,,,,,,1,Registro,Financiera:  / Física:  / Registro:,1,En Ejecución
AGU00160300748312,Mejoramiento De Escuela Primaria Primero De Mayo Fracc Lic Benito Palomino Dena - 330886,330886,1,Aguascalientes,1,Aguascalientes,1,Aguascalientes,21.91586156,-102.251698,Urbano,2,Aportaciones Federales,I004,FAIS Municipal y de las Demarcaciones Territoriales del Distrito Federal,33,Aportaciones Federales para Entidades Federativas y Municipios,H AYUNTAMIENTO DE AGUASCALIENTES,2,Educación,2,Proyecto de Inversión de Infraestructura Social,,01/06/2016,31/07/2016,"CALLE FRANCISCO GUEL JIMÉNEZ INTERIOR SN FRACCIONAMIENTO LIC BENITO PALOMINO DENA, 20172 AGUASCALIENTES, AGUASCALIENTES AGUASCALIENTES ENTRE CALLE G",0,,,461603.28,,,,,,,,,,,,1,Registro,Financiera:  / Física:  / Registro:,1,En Ejecución
AGU00160300748325,Ampliacion De Red De Alcantarillado - 199502,199502,1,Aguascalientes,4,Cosío,25,El Refugio de Providencia (Providencia),22.34590037,-102.2558697,Rural,2,Aportaciones Federales,I004,FAIS Municipal y de las Demarcaciones Territoriales del Distrito Federal,33,Aportaciones Federales para Entidades Federativas y Municipios,H AYUNTAMIENTO DE COSIO,4,Agua y saneamiento,2,Proyecto de Inversión de Infraestructura Social,,01/08/2016,30/09/2016,"CALLE LAZARO CARDENAS INTERIOR EL REFUGIO DE PROVIDENCIA RANCHERIA EL REFUGIO DE PROVIDENCIA (PROVIDENCIA), 20478 EL REFUGIO DE PROVIDENCIA (PROVIDEN",0,,,662176.13,,,,,,,,,,,,1,Registro,Financiera:  / Física:  / Registro:,1,En Ejecución
AGU00160300748327,Amapliacion De Red De Alcantarillado - 199155,199155,1,Aguascalientes,4,Cosío,26,La Punta,22.32647748,-102.2914217,Rural,2,Aportaciones Federales,I004,FAIS Municipal y de las Demarcaciones Territoriales del Distrito Federal,33,Aportaciones Federales para Entidades Federativas y Municipios,H AYUNTAMIENTO DE COSIO,4,Agua y saneamiento,2,Proyecto de Inversión de Infraestructura Social,,01/07/2016,30/09/2016,"CALLE PLUTARCO ELIAS CALLES RANCHERIA LA PUNTA, 20472 LA PUNTA, COSÍO AGUASCALIENTES ENTRE CALLE CARRETERA PANAMERICANA Y CALLE RAFAEL ARELLANO VALL",0,,,808701.12,,,,,,,,,,,,1,Registro,Financiera:  / Física:  / Registro:,1,En Ejecución
AGU00160300748328,Ampliacion De Red De Alcantarillado - 199195,199195,1,Aguascalientes,4,Cosío,28,El Refugio de Agua Zarca,22.36089345,-102.2742988,Rural,2,Aportaciones Federales,I004,FAIS Municipal y de las Demarcaciones Territoriales del Distrito Federal,33,Aportaciones Federales para Entidades Federativas y Municipios,H AYUNTAMIENTO DE COSIO,4,Agua y saneamiento,2,Proyecto de Inversión de Infraestructura Social,,01/08/2016,30/09/2016,"CALLE BARTOLOME DE LAS CASAS INTERIOR REFUGIO DE AGUA ZARCA RANCHERIA EL REFUGIO DE AGUA ZARCA, 20478 EL REFUGIO DE AGUA ZARCA, COSÍO AGUASCALIENTES",0,,,543913.7,,,,,,,,,,,,1,Registro,Financiera:  / Física:  / Registro:,1,En Ejecución
AGU00160300748329,Ampliacion De Alcantarillado - 202205,202205,1,Aguascalientes,4,Cosío,30,El Salero,22.3855806,-102.3245615,Rural,2,Aportaciones Federales,I004,FAIS Municipal y de las Demarcaciones Territoriales del Distrito Federal,33,Aportaciones Federales para Entidades Federativas y Municipios,H AYUNTAMIENTO DE COSIO,4,Agua y saneamiento,2,Proyecto de Inversión de Infraestructura Social,,01/07/2016,30/09/2016,"CALLE FRANCISCO I. MADERO INTERIOR EL SALERO RANCHERIA EL SALERO, 20472 EL SALERO, COSÍO AGUASCALIENTES ENTRE CALLE EMILIANO ZAPATA Y CALLE FRANCISC",0,,,185891.15,,,,,,,,,,,,1,Registro,Financiera:  / Física:  / Registro:,1,En Ejecución
AGU00160300748330,Rehabilitacion De Red De Agua Potable - 201188,201188,1,Aguascalientes,4,Cosío,30,El Salero,22.38551612,-102.3233948,Rural,2,Aportaciones Federales,I004,FAIS Municipal y de las Demarcaciones Territoriales del Distrito Federal,33,Aportaciones Federales para Entidades Federativas y Municipios,H AYUNTAMIENTO DE COSIO,4,Agua y saneamiento,2,Proyecto de Inversión de Infraestructura Social,,01/07/2016,30/09/2016,"CALLE EMILIANO ZAPATA INTERIOR EL SALERO RANCHERIA EL SALERO, 20476 EL SALERO, COSÍO AGUASCALIENTES ENTRE CALLE FRANCISCO I. MADERO Y CALLE CALLE S/",0,,,227779.91,,,,,,,,,,,,1,Registro,Financiera:  / Física:  / Registro:,1,En Ejecución
AGU00160300748331,Ampliacion De Red De Agua Potable - 201832,201832,1,Aguascalientes,4,Cosío,30,El Salero,22.38814995,-102.3223755,Rural,2,Aportaciones Federales,I004,FAIS Municipal y de las Demarcaciones Territoriales del Distrito Federal,33,Aportaciones Federales para Entidades Federativas y Municipios,H AYUNTAMIENTO DE COSIO,4,Agua y saneamiento,2,Proyecto de Inversión de Infraestructura Social,,01/09/2016,30/09/2016,"CALLE 5 DE MAYO INTERIOR EL SALERO RANCHERIA EL SALERO, 20472 EL SALERO, COSÍO AGUASCALIENTES ENTRE CALLE 5 DE MAYO Y CALLE CHAPULTEPEC, CALLE SIN N",0,,,96576.77,,,,,,,,,,,,1,Registro,Financiera:  / Física:  / Registro:,1,En Ejecución
AGU00160300748332,Ampliacion De Red De Alcantarillado - 201907,201907,1,Aguascalientes,4,Cosío,30,El Salero,22.38815987,-102.3223943,Rural,2,Aportaciones Federales,I004,FAIS Municipal y de las Demarcaciones Territoriales del Distrito Federal,33,Aportaciones Federales para Entidades Federativas y Municipios,H AYUNTAMIENTO DE COSIO,4,Agua y saneamiento,2,Proyecto de Inversión de Infraestructura Social,,01/09/2016,30/09/2016,"CALLE PRIVADA 5 DE MAYO INTERIOR EL SALERO RANCHERIA EL SALERO, 20472 EL SALERO, COSÍO AGUASCALIENTES ENTRE CALLE 5 DE MAYO Y CALLE CHAPULTEPEC, CAL",0,,,159808.3,,,,,,,,,,,,1,Registro,Financiera:  / Física:  / Registro:,1,En Ejecución
AGU00160300748333,Ampliacion De Red De Alcantarillado - 201232,201232,1,Aguascalientes,4,Cosío,30,El Salero,22.38763906,-102.3215058,Rural,2,Aportaciones Federales,I004,FAIS Municipal y de las Demarcaciones Territoriales del Distrito Federal,33,Aportaciones Federales para Entidades Federativas y Municipios,H AYUNTAMIENTO DE COSIO,4,Agua y saneamiento,2,Proyecto de Inversión de Infraestructura Social,,01/08/2016,30/09/2016,"CALLE MATAMOROS INTERIOR EL SALERO RANCHERIA EL SALERO, 20476 EL SALERO, COSÍO AGUASCALIENTES ENTRE CALLE 5 DE MAYO Y CALLE S/N, CALLE JOSE MARIA MO",0,,,150166.2,,,,,,,,,,,,1,Registro,Financiera:  / Física:  / Registro:,1,En Ejecución
AGU00160300748334,Rehabilitacion De Red De Agua Potable - 199680,199680,1,Aguascalientes,4,Cosío,33,Soledad de Abajo [Estación de Adames],22.40870063,-102.2855017,Rural,2,Aportaciones Federales,I004,FAIS Municipal y de las Demarcaciones Territoriales del Distrito Federal,33,Aportaciones Federales para Entidades Federativas y Municipios,H AYUNTAMIENTO DE COSIO,4,Agua y saneamiento,2,Proyecto de Inversión de Infraestructura Social,,01/08/2016,30/09/2016,"CALLE CALLE PLUTARCO ELIAS CALLES INTERIOR SOLEDAD DE ABAJO RANCHERIA SOLEDAD DE ABAJO [ESTACIÓN DE ADAMES], 20470 SOLEDAD DE ABAJO [ESTACIÓN DE ADAM",0,,,141213.62,,,,,,,,,,,,1,Registro,Financiera:  / Física:  / Registro:,1,En Ejecución
AGU00160300748335,Ampliacion De Red De Agua Potable - 199772,199772,1,Aguascalientes,4,Cosío,34,Soledad de Arriba,22.43130488,-102.3060909,Rural,2,Aportaciones Federales,I004,FAIS Municipal y de las Demarcaciones Territoriales del Distrito Federal,33,Aportaciones Federales para Entidades Federativas y Municipios,MUNICIPIO DE COSIO AGS,4,Agua y saneamiento,2,Proyecto de Inversión de Infraestructura Social,,01/08/2016,30/09/2016,"CALLE CALLE A LA TRATATDORA INTERIOR SOLEDAD DE ABAJO RANCHERIA SOLEDAD DE ABAJO [ESTACIÓN DE ADAMES], 20470 SOLEDAD DE ARRIBA, COSÍO AGUASCALIENTES",0,,,170555.64,,,,,,,,,,,,1,Registro,Financiera:  / Física:  / Registro:,1,En Ejecución
AGU00160300748336,Rehabilitacion De Red De Alcantarillado - 200553,200553,1,Aguascalientes,4,Cosío,38,Zacatequillas,22.4410794,-102.3082045,Rural,2,Aportaciones Federales,I004,FAIS Municipal y de las Demarcaciones Territoriales del Distrito Federal,33,Aportaciones Federales para Entidades Federativas y Municipios,H AYUNTAMIENTO DE COSIO,4,Agua y saneamiento,2,Proyecto de Inversión de Infraestructura Social,,01/08/2016,30/09/2016,"CALLE XICOTENCATL INTERIOR ZACATEQUILLAS RANCHERIA ZACATEQUILLAS, 20470 ZACATEQUILLAS, COSÍO AGUASCALIENTES ENTRE CALLE MOCTEZUMA Y CALLE IZCOATL, C",0,,,275147.75,,,,,,,,,,,,1,Registro,Financiera:  / Física:  / Registro:,1,En Ejecución
AGU00160300748337,Rehabilitacion De Red De Agua Potable - 200453,200453,1,Aguascalientes,4,Cosío,38,Zacatequillas,22.44108932,-102.3082045,Rural,2,Aportaciones Federales,I004,FAIS Municipal y de las Demarcaciones Territoriales del Distrito Federal,33,Aportaciones Federales para Entidades Federativas y Municipios,H AYUNTAMIENTO DE COSIO,4,Agua y saneamiento,2,Proyecto de Inversión de Infraestructura Social,,01/08/2016,30/09/2016,"CALLE XICOTENCATL INTERIOR ZACATEQUILLAS RANCHERIA ZACATEQUILLAS, 20470 ZACATEQUILLAS, COSÍO AGUASCALIENTES ENTRE CALLE MOCTEZUMA Y CALLE IZCOATL, C",0,,,140304.04,,,,,,,,,,,,1,Registro,Financiera:  / Física:  / Registro:,1,En Ejecución
AGU00160300748354,Desarrollo - 212483,212483,1,Aguascalientes,2,Asientos,1,Asientos,22.238317,-102.089275,Urbano,2,Aportaciones Federales,I004,FAIS Municipal y de las Demarcaciones Territoriales del Distrito Federal,33,Aportaciones Federales para Entidades Federativas y Municipios,MUNICIPIO DE ASIENTOS,0,Otros Proyectos,5,Otros proyectos de Inversión,,01/07/2016,31/12/2016,DADO QUE ES PRODIM EL PROYECTO SE UBICA EN LA CABECERA MUNICIPAL,0,,,454714.02,,,,,,,,,,,,1,Registro,Financiera:  / Física:  / Registro:,1,En Ejecución
AGU00160300748355,33902 Proyectos Para Prestacion De Servicios - 212475,212475,1,Aguascalientes,2,Asientos,1,Asientos,22.238317,-102.089275,Urbano,2,Aportaciones Federales,I004,FAIS Municipal y de las Demarcaciones Territoriales del Distrito Federal,33,Aportaciones Federales para Entidades Federativas y Municipios,MUNICIPIO DE ASIENTOS,0,Otros Proyectos,5,Otros proyectos de Inversión,,01/01/2016,31/12/2016,DADO QUE ES GASTO INDIRECTO EL PROYECTO SE UBICA EN LA CABECERA MUNICIPAL,0,,,682071.03,,,,,,,,,,,,1,Registro,Financiera:  / Física:  / Registro:,1,En Ejecución
AGU00160300748356,Construcción De Red De Alcantarillado - 212354,212354,1,Aguascalientes,2,Asientos,4,Plutarco Elías Calles,22.22085397,-102.0487617,Rural,2,Aportaciones Federales,I004,FAIS Municipal y de las Demarcaciones Territoriales del Distrito Federal,33,Aportaciones Federales para Entidades Federativas y Municipios,MUNICIPIO DE ASIENTOS,4,Agua y saneamiento,2,Proyecto de Inversión de Infraestructura Social,,01/06/2016,01/07/2016,"CARRETERA ESTATAL LIBRE 00 TRAMO AGUASCALIENTES - CIENEGA GRANDE KILÓMETRO 28 + 200 RANCHERIA PLUTARCO ELIAS CALLES, 00000 PLUTARCO ELÍAS CALLES, A",0,,,1522781.03,,,,,,,,,,,,1,Registro,Financiera:  / Física:  / Registro:,1,En Ejecución
AGU00160300748364,Ampliacion De Red De Alcantarillado - 200585,200585,1,Aguascalientes,4,Cosío,1,Cosío,22.36911796,-102.3018654,Urbano,2,Aportaciones Federales,I004,FAIS Municipal y de las Demarcaciones Territoriales del Distrito Federal,33,Aportaciones Federales para Entidades Federativas y Municipios,H AYUNTAMIENTO DE COSIO,4,Agua y saneamiento,2,Proyecto de Inversión de Infraestructura Social,,01/08/2016,30/09/2016,"CALLE AMPLIACION DE RED DE ALCANTARILLADO INTERIOR COSIO FRACCIONAMIENTO COSÍO CENTRO, 20460 COSÍO, COSÍO AGUASCALIENTES ENTRE CALLE FRANCISCO JAVIE",0,,,280729.31,,,,,,,,,,,,1,Registro,Financiera:  / Física:  / Registro:,1,En Ejecución
AGU00160300748365,Perforación De Pozo El Alamo - 213656,213656,1,Aguascalientes,2,Asientos,7,Bimbaletes Aguascalientes (El Álamo),22.23540854,-102.0184426,Rural,2,Aportaciones Federales,I004,FAIS Municipal y de las Demarcaciones Territoriales del Distrito Federal,33,Aportaciones Federales para Entidades Federativas y Municipios,MUNICIPIO DE ASIENTOS,4,Agua y saneamiento,2,Proyecto de Inversión de Infraestructura Social,,30/08/2016,30/12/2016,"BRECHA TRAMO CRISOSOTOMOS - EL ALAMO MARGEN IZQUIERDO KILÓMETRO 12 + 120 RANCHERIA BIMBALETES AGUASCALIENTES EL ÁLAMO, 00000 BIMBALETES AGUASCALIE",0,,,3509252,,,,,,,,,,,,1,Registro,Financiera:  / Física:  / Registro:,1,En Ejecución
AGU00160300748366,Construccion De Redes De Alcantarillado - 212445,212445,1,Aguascalientes,2,Asientos,9,Emancipación (Borunda) [Colonia],22.09207589,-101.9415291,Rural,2,Aportaciones Federales,I004,FAIS Municipal y de las Demarcaciones Territoriales del Distrito Federal,33,Aportaciones Federales para Entidades Federativas y Municipios,MUNICIPIO DE ASIENTOS,4,Agua y saneamiento,2,Proyecto de Inversión de Infraestructura Social,,01/06/2016,01/07/2016,"BRECHA TRAMO FRANCISCO VILLA - EMANCIPACION MARGEN DERECHO KILÓMETRO 12 + 20 RANCHERIA EMANCIPACION, 00000 EMANCIPACIÓN (BORUNDA) [COLONIA], ASIEN",0,,,265403.43,,,,,,,,,,,,1,Registro,Financiera:  / Física:  / Registro:,1,En Ejecución
AGU00160300748367,Red De Alcantarillado Cienega Grande - 220524,220524,1,Aguascalientes,2,Asientos,11,Ciénega Grande,22.18898292,-102.0199087,Urbano,2,Aportaciones Federales,I004,FAIS Municipal y de las Demarcaciones Territoriales del Distrito Federal,33,Aportaciones Federales para Entidades Federativas y Municipios,MUNICIPIO DE ASIENTOS,4,Agua y saneamiento,2,Proyecto de Inversión de Infraestructura Social,,15/09/2016,15/11/2016,"BRECHA TRAMO VILLA JUAREZ - CRISOSTOMOS MARGEN DERECHO KILÓMETRO 20 + 20 RANCHERIA CIENEGA GRANDE, 00000 CIÉNEGA GRANDE, ASIENTOS AGUASCALIENTES",0,,,73869.77,,,,,,,,,,,,1,Registro,Financiera:  / Física:  / Registro:,1,En Ejecución
AGU00160300748368,Rehabilitación De Lamparas Varias Localidades - 212459,212459,1,Aguascalientes,2,Asientos,11,Ciénega Grande,22.19177019,-102.0171128,Urbano,2,Aportaciones Federales,I004,FAIS Municipal y de las Demarcaciones Territoriales del Distrito Federal,33,Aportaciones Federales para Entidades Federativas y Municipios,MUNICIPIO DE ASIENTOS,5,Urbanización,2,Proyecto de Inversión de Infraestructura Social,,03/06/2016,03/07/2016,"BRECHA TRAMO CIENEGA - CRISOSTOMOS MARGEN DERECHO KILÓMETRO 10 + 12 RANCHERIA CIENEGA GRANDE, 00000 CIÉNEGA GRANDE, ASIENTOS AGUASCALIENTES ENTRE",0,,,1049182.42,,,,,,,,,,,,1,Registro,Financiera:  / Física:  / Registro:,1,En Ejecución
AGU00160300748369,Perforacion De Pozo De Agua Potable - 213221,213221,1,Aguascalientes,2,Asientos,12,Clavellinas,22.13634071,-102.1379964,Rural,2,Aportaciones Federales,I004,FAIS Municipal y de las Demarcaciones Territoriales del Distrito Federal,33,Aportaciones Federales para Entidades Federativas y Municipios,MUNICIPIO DE ASIENTOS,4,Agua y saneamiento,2,Proyecto de Inversión de Infraestructura Social,,31/08/2016,30/12/2016,"BRECHA TRAMO CLAVELLINAS - SAN ANTONIO DE LOS MARTINEZ MARGEN DERECHO KILÓMETRO 2 + 120 RANCHERIA CLAVELLINAS, 00000 CLAVELLINAS, ASIENTOS AGUAS",0,,,3650000,,,,,,,,,,,,1,Registro,Financiera:  / Física:  / Registro:,1,En Ejecución
AGU00160300748370,Construccion De Red De Agua Potable - 212395,212395,1,Aguascalientes,2,Asientos,17,La Dichosa,22.04134847,-102.1092129,Rural,2,Aportaciones Federales,I004,FAIS Municipal y de las Demarcaciones Territoriales del Distrito Federal,33,Aportaciones Federales para Entidades Federativas y Municipios,MUNICIPIO DE ASIENTOS,4,Agua y saneamiento,2,Proyecto de Inversión de Infraestructura Social,,15/07/2016,15/08/2016,"BRECHA TRAMO JILOTEPEC - DICHOSA MARGEN DERECHO KILÓMETRO 20 + 50 RANCHERIA LA DICHOSA, 00000 LA DICHOSA, ASIENTOS AGUASCALIENTES ENTRE Y ,",0,,,98284.99,,,,,,,,,,,,1,Registro,Financiera:  / Física:  / Registro:,1,En Ejecución
AGU00160300748371,Ampliacion De Red Electrica - 212345,212345,1,Aguascalientes,2,Asientos,21,Las Fraguas,22.03858636,-101.8953091,Rural,2,Aportaciones Federales,I004,FAIS Municipal y de las Demarcaciones Territoriales del Distrito Federal,33,Aportaciones Federales para Entidades Federativas y Municipios,MUNICIPIO DE ASIENTOS,5,Urbanización,2,Proyecto de Inversión de Infraestructura Social,,01/03/2016,01/04/2016,"TERRACERÍA TRAMO LAS FRAGUAS - LAS JOYAS MARGEN DERECHO KILÓMETRO 2 + 020 RANCHERIA LAS FRAGUAS, 00000 LAS FRAGUAS, ASIENTOS AGUASCALIENTES ENT",0,,,36411.14,,,,,,,,,,,,1,Registro,Financiera:  / Física:  / Registro:,1,En Ejecución
AGU00160300748372,Construcción De Aula - 212416,212416,1,Aguascalientes,2,Asientos,21,Las Fraguas,22.04175875,-101.8929594,Rural,2,Aportaciones Federales,I004,FAIS Municipal y de las Demarcaciones Territoriales del Distrito Federal,33,Aportaciones Federales para Entidades Federativas y Municipios,MUNICIPIO DE ASIENTOS,2,Educación,2,Proyecto de Inversión de Infraestructura Social,,15/06/2016,15/09/2016,"BRECHA TRAMO FRAGUAS - BENITO JUAREZ MARGEN DERECHO KILÓMETRO 2 + 20 RANCHERIA LAS FRAGUAS, 00000 LAS FRAGUAS, ASIENTOS AGUASCALIENTES ENTRE Y",0,,,258376.27,,,,,,,,,,,,1,Registro,Financiera:  / Física:  / Registro:,1,En Ejecución
AGU00160300748373,Alcantarillado La Gloria - 220649,220649,1,Aguascalientes,2,Asientos,23,La Gloria,22.1474493,-102.0281807,Rural,2,Aportaciones Federales,I004,FAIS Municipal y de las Demarcaciones Territoriales del Distrito Federal,33,Aportaciones Federales para Entidades Federativas y Municipios,MUNICIPIO DE ASIENTOS,4,Agua y saneamiento,2,Proyecto de Inversión de Infraestructura Social,,20/02/2016,31/03/2016,"BRECHA TRAMO LA GLORIA - EL COPETILLO MARGEN DERECHO KILÓMETRO 2 + 30 RANCHERIA LA GLORIA, 00000 LA GLORIA, ASIENTOS AGUASCALIENTES ENTRE Y ,",0,,,376421.58,,,,,,,,,,,,1,Registro,Financiera:  / Física:  / Registro:,1,En Ejecución
AGU00160300748374,Construccion De Red De Agua Potable - 212436,212436,1,Aguascalientes,2,Asientos,23,La Gloria,22.14637608,-102.0243398,Rural,2,Aportaciones Federales,I004,FAIS Municipal y de las Demarcaciones Territoriales del Distrito Federal,33,Aportaciones Federales para Entidades Federativas y Municipios,MUNICIPIO DE ASIENTOS,4,Agua y saneamiento,2,Proyecto de Inversión de Infraestructura Social,,20/02/2016,31/03/2016,"BRECHA TRAMO LA GLORIA - VILLA GARCIA MARGEN DERECHO KILÓMETRO 4 + 20 RANCHERIA LA GLORIA, 00000 LA GLORIA, ASIENTOS AGUASCALIENTES ENTRE Y ,",0,,,118795.51,,,,,,,,,,,,1,Registro,Financiera:  / Física:  / Registro:,1,En Ejecución
AGU00160300748375,Perforación De Pozo Gorriones - 213260,213260,1,Aguascalientes,2,Asientos,24,Gorriones,22.10771729,-102.182441,Rural,2,Aportaciones Federales,I004,FAIS Municipal y de las Demarcaciones Territoriales del Distrito Federal,33,Aportaciones Federales para Entidades Federativas y Municipios,MUNICIPIO DE ASIENTOS,4,Agua y saneamiento,2,Proyecto de Inversión de Infraestructura Social,,30/08/2016,30/12/2016,"BRECHA TRAMO TEPETATILLO - GORRIONES MARGEN IZQUIERDO KILÓMETRO 20 + 200 RANCHERIA GORRIONES, 00000 GORRIONES, ASIENTOS AGUASCALIENTES ENTRE Y",0,,,4287500,,,,,,,,,,,,1,Registro,Financiera:  / Física:  / Registro:,1,En Ejecución
AGU00160300748376,Construccion De Red De Alcantarillado - 212660,212660,1,Aguascalientes,2,Asientos,30,Lázaro Cárdenas,22.17021923,-102.0302908,Rural,2,Aportaciones Federales,I004,FAIS Municipal y de las Demarcaciones Territoriales del Distrito Federal,33,Aportaciones Federales para Entidades Federativas y Municipios,MUNICIPIO DE ASIENTOS,4,Agua y saneamiento,2,Proyecto de Inversión de Infraestructura Social,,20/02/2016,31/03/2016,"BRECHA TRAMO ENCINOS - LAZARO CARDENAS MARGEN IZQUIERDO KILÓMETRO 4 + 40 RANCHERIA LAZARO CARDENAS, 00000 LÁZARO CÁRDENAS, ASIENTOS AGUASCALIENTES",0,,,234001.79,,,,,,,,,,,,1,Registro,Financiera:  / Física:  / Registro:,1,En Ejecución
AGU00160300748377,Construccion De Red De Alcantarillado - 212454,212454,1,Aguascalientes,2,Asientos,30,Lázaro Cárdenas,22.17153073,-102.0283167,Rural,2,Aportaciones Federales,I004,FAIS Municipal y de las Demarcaciones Territoriales del Distrito Federal,33,Aportaciones Federales para Entidades Federativas y Municipios,MUNICIPIO DE ASIENTOS,4,Agua y saneamiento,2,Proyecto de Inversión de Infraestructura Social,,01/06/2016,01/07/2016,"BRECHA TRAMO LOS ENCINOS - LÁZARO CÁRDENAS MARGEN DERECHO KILÓMETRO 10 + 20 RANCHERIA LAZARO CARDENAS, 00000 LÁZARO CÁRDENAS, ASIENTOS AGUASCALIE",0,,,164312.03,,,,,,,,,,,,1,Registro,Financiera:  / Física:  / Registro:,1,En Ejecución
AGU00160300748378,Construccion De Red De Agua Potable - 212657,212657,1,Aguascalientes,2,Asientos,30,Lázaro Cárdenas,22.16846062,-102.0270936,Rural,2,Aportaciones Federales,I004,FAIS Municipal y de las Demarcaciones Territoriales del Distrito Federal,33,Aportaciones Federales para Entidades Federativas y Municipios,MUNICIPIO DE ASIENTOS,4,Agua y saneamiento,2,Proyecto de Inversión de Infraestructura Social,,20/02/2016,31/03/2016,"BRECHA TRAMO CIENEGA GRANDE - LAZARO CARDENAS MARGEN DERECHO KILÓMETRO 5 + 500 RANCHERIA LAZARO CARDENAS, 00000 LÁZARO CÁRDENAS, ASIENTOS AGUASCA",0,,,86096.84,,,,,,,,,,,,1,Registro,Financiera:  / Física:  / Registro:,1,En Ejecución
AGU00160300748379,Construccion De Red De Agua Potable - 212391,212391,1,Aguascalientes,2,Asientos,37,Ojo de Agua de los Sauces,22.03141876,-101.9356232,Rural,2,Aportaciones Federales,I004,FAIS Municipal y de las Demarcaciones Territoriales del Distrito Federal,33,Aportaciones Federales para Entidades Federativas y Municipios,MUNICIPIO DE ASIENTOS,4,Agua y saneamiento,2,Proyecto de Inversión de Infraestructura Social,,15/10/2016,15/11/2016,"CAMINO TRAMO PILOTOS - OJO DE AGUA DE LOS SAUCES MARGEN DERECHO KILÓMETRO 5 + 50 RANCHERIA OJO DE AGUA DE LOS SAUCES, 00000 OJO DE AGUA DE LOS SAU",0,,,240933.5,,,,,,,,,,,,1,Registro,Financiera:  / Física:  / Registro:,1,En Ejecución
AGU00160300748380,Equipamiento De Pozo De Agua Potable - 213172,213172,1,Aguascalientes,2,Asientos,39,Pilotos,22.04433841,-101.9660789,Rural,2,Aportaciones Federales,I004,FAIS Municipal y de las Demarcaciones Territoriales del Distrito Federal,33,Aportaciones Federales para Entidades Federativas y Municipios,MUNICIPIO DE ASIENTOS,4,Agua y saneamiento,2,Proyecto de Inversión de Infraestructura Social,,31/08/2016,30/12/2016,"BRECHA TRAMO PILOTOS - EL RANCHITO MARGEN IZQUIERDO KILÓMETRO 20 + 200 RANCHERIA PILOTOS, 00000 PILOTOS, ASIENTOS AGUASCALIENTES ENTRE Y , L",0,,,4525384,,,,,,,,,,,,1,Registro,Financiera:  / Física:  / Registro:,1,En Ejecución
AGU00160300748381,Construccion De Red De Agua Potable - 212364,212364,1,Aguascalientes,2,Asientos,48,San José del Río,22.12330404,-102.0596925,Rural,2,Aportaciones Federales,I004,FAIS Municipal y de las Demarcaciones Territoriales del Distrito Federal,33,Aportaciones Federales para Entidades Federativas y Municipios,MUNICIPIO DE ASIENTOS,4,Agua y saneamiento,2,Proyecto de Inversión de Infraestructura Social,,15/07/2016,15/08/2016,"BRECHA TRAMO MOLINOS - SAN JOSE DEL RIO MARGEN DERECHO KILÓMETRO 12 + 120 RANCHERIA SAN JOSE DEL RIO, 00000 SAN JOSÉ DEL RÍO, ASIENTOS AGUASCALIE",0,,,542485.69,,,,,,,,,,,,1,Registro,Financiera:  / Física:  / Registro:,1,En Ejecución
AGU00160300748382,Construccion De Red De Alcantarillado - 212381,212381,1,Aguascalientes,2,Asientos,48,San José del Río,22.12417867,-102.0608941,Rural,2,Aportaciones Federales,I004,FAIS Municipal y de las Demarcaciones Territoriales del Distrito Federal,33,Aportaciones Federales para Entidades Federativas y Municipios,MUNICIPIO DE ASIENTOS,4,Agua y saneamiento,2,Proyecto de Inversión de Infraestructura Social,,15/07/2016,15/09/2016,"BRECHA TRAMO MOLINOS - SAN JOSE DEL RIO MARGEN IZQUIERDO KILÓMETRO 12 + 120 RANCHERIA Seleccione el nombre de Asentamiento, 00000 SAN JOSÉ DEL RÍO",0,,,1527903.41,,,,,,,,,,,,1,Registro,Financiera:  / Física:  / Registro:,1,En Ejecución
AGU00160300748383,Construccion De Red De Alcantarillado - 212433,212433,1,Aguascalientes,2,Asientos,59,Villa Juárez,22.09730379,-102.0680852,Urbano,2,Aportaciones Federales,I004,FAIS Municipal y de las Demarcaciones Territoriales del Distrito Federal,33,Aportaciones Federales para Entidades Federativas y Municipios,MUNICIPIO DE ASIENTOS,4,Agua y saneamiento,2,Proyecto de Inversión de Infraestructura Social,,15/07/2016,15/08/2016,"BRECHA TRAMO VILLA JUAREZ - VIUDAS DE PONIENTE MARGEN DERECHO KILÓMETRO 20 + 200 RANCHERIA VILLA JUAREZ, 00000 VILLA JUÁREZ, ASIENTOS AGUASCALIENT",0,,,220521.64,,,,,,,,,,,,1,Registro,Financiera:  / Física:  / Registro:,1,En Ejecución
AGU00160300748384,Construccion De Red De Agua Potable - 212421,212421,1,Aguascalientes,2,Asientos,59,Villa Juárez,22.09520627,-102.0701666,Urbano,2,Aportaciones Federales,I004,FAIS Municipal y de las Demarcaciones Territoriales del Distrito Federal,33,Aportaciones Federales para Entidades Federativas y Municipios,MUNICIPIO DE ASIENTOS,4,Agua y saneamiento,2,Proyecto de Inversión de Infraestructura Social,,15/07/2016,15/08/2016,"BRECHA TRAMO VILLA JUAREZ - VIUDAS MARGEN IZQUIERDO KILÓMETRO 20 + 50 RANCHERIA VILLA JUAREZ, 00000 VILLA JUÁREZ, ASIENTOS AGUASCALIENTES ENTRE",0,,,979271.63,,,,,,,,,,,,1,Registro,Financiera:  / Física:  / Registro:,1,En Ejecución
AGU00160300748385,Construccion De Red De Alcantarillado - 212654,212654,1,Aguascalientes,2,Asientos,60,Viudas de Poniente,22.10504531,-102.0846261,Rural,2,Aportaciones Federales,I004,FAIS Municipal y de las Demarcaciones Territoriales del Distrito Federal,33,Aportaciones Federales para Entidades Federativas y Municipios,MUNICIPIO DE ASIENTOS,4,Agua y saneamiento,2,Proyecto de Inversión de Infraestructura Social,,20/02/2016,31/03/2016,"BRECHA TRAMO TULE - VIUDAS DE PONIENTE MARGEN DERECHO KILÓMETRO 4 + 40 RANCHERIA VIUDAS DE PONIENTE, 00000 VIUDAS DE PONIENTE, ASIENTOS AGUASCALIE",0,,,196389.42,,,,,,,,,,,,1,Registro,Financiera:  / Física:  / Registro:,1,En Ejecución
AGU00160300748386,Construccion De Red De Agua Potable - 212650,212650,1,Aguascalientes,2,Asientos,60,Viudas de Poniente,22.10484154,-102.0844223,Rural,2,Aportaciones Federales,I004,FAIS Municipal y de las Demarcaciones Territoriales del Distrito Federal,33,Aportaciones Federales para Entidades Federativas y Municipios,MUNICIPIO DE ASIENTOS,4,Agua y saneamiento,2,Proyecto de Inversión de Infraestructura Social,,20/02/2016,31/03/2016,"BRECHA TRAMO EL TULE - VIUDAS DE PONIENTE MARGEN IZQUIERDO KILÓMETRO 4 + 42 RANCHERIA VIUDAS DE PONIENTE, 00000 VIUDAS DE PONIENTE, ASIENTOS AGUA",0,,,196389.42,,,,,,,,,,,,1,Registro,Financiera:  / Física:  / Registro:,1,En Ejecución
AGU00160300748387,Rehabilitacion De Red Electrica - 212404,212404,1,Aguascalientes,2,Asientos,60,Viudas de Poniente,22.10568148,-102.0844652,Rural,2,Aportaciones Federales,I004,FAIS Municipal y de las Demarcaciones Territoriales del Distrito Federal,33,Aportaciones Federales para Entidades Federativas y Municipios,MUNICIPIO DE ASIENTOS,5,Urbanización,2,Proyecto de Inversión de Infraestructura Social,,01/06/2016,01/07/2016,"BRECHA TRAMO TULE - VIUDAS DE PONIENTE MARGEN DERECHO KILÓMETRO 4 + 200 RANCHERIA VIUDAS DE PONIENTE, 00000 VIUDAS DE PONIENTE, ASIENTOS AGUASCALI",0,,,117098.28,,,,,,,,,,,,1,Registro,Financiera:  / Física:  / Registro:,1,En Ejecución
AGU00160300748388,Construccion De Sanitarios - 212419,212419,1,Aguascalientes,2,Asientos,130,El Muerto,22.0975551,-102.1422306,Rural,2,Aportaciones Federales,I004,FAIS Municipal y de las Demarcaciones Territoriales del Distrito Federal,33,Aportaciones Federales para Entidades Federativas y Municipios,MUNICIPIO DE ASIENTOS,2,Educación,2,Proyecto de Inversión de Infraestructura Social,,01/06/2016,01/07/2016,"BRECHA TRAMO SAN ANTONIO DE LOS MARTINEZ - EL MUERTO MARGEN DERECHO KILÓMETRO 4 + 4 RANCHERIA EL MUERTO, 00000 EL MUERTO, ASIENTOS AGUASCALIENTES",0,,,118570.4,,,,,,,,,,,,1,Registro,Financiera:  / Física:  / Registro:,1,En Ejecución
AGU00160300748389,Construcción De Red De Alcantarillado Sanitario Calle J Guadalupe Nájera Jiménez Comunidad Calvillito - 352345,352345,1,Aguascalientes,1,Aguascalientes,2409,Calvillito (Colonia Revolución),21.8231267,-102.1865828,Rural,2,Aportaciones Federales,I004,FAIS Municipal y de las Demarcaciones Territoriales del Distrito Federal,33,Aportaciones Federales para Entidades Federativas y Municipios,H AYUNTAMIENTO DE AGUASCALIENTES,4,Agua y saneamiento,2,Proyecto de Inversión de Infraestructura Social,,15/04/2016,15/06/2016,"CALLE J. GUADALUPE NÁJERA JIMÉNEZ EJIDO VILLA LICENCIADO JESÚS TERÁN (CALVILLITO), 20344 CALVILLITO (COLONIA REVOLUCIÓN), AGUASCALIENTES AGUASCALIENT",0,,,411412.38,,,,,,,,,,,,1,Registro,Financiera:  / Física:  / Registro:,1,En Ejecución
AGU00160300748450,Construccion De Baño Segunda Etapa En Varias Localidades - 220930,220930,1,Aguascalientes,8,San José de Gracia,7,Santa Elena de la Cruz (Capadero),22.19550425,-102.3954497,Rural,2,Aportaciones Federales,I004,FAIS Municipal y de las Demarcaciones Territoriales del Distrito Federal,33,Aportaciones Federales para Entidades Federativas y Municipios,DIRECCION DE OBRAS PUBLICAS Y PLANEACION DEL MUNICIPIO DE SAN JOSE DE GRACIA,10,Vivienda,2,Proyecto de Inversión de Infraestructura Social,,18/10/2016,18/11/2016,"PUEBLO , 00000 SANTA ELENA DE LA CRUZ (CAPADERO), SAN JOSÉ DE GRACIA AGUASCALIENTES ENTRE Y , LA OBRA SE UBICA EN VARIAS LOCALIDADES DEL MUNICI",0,,,245790.66,,,,,,,,,,,,1,Registro,Financiera:  / Física:  / Registro:,1,En Ejecución
AGU00160300748451,Construccion De Techo De Concreto Segunda Etapa - 220252,220252,1,Aguascalientes,8,San José de Gracia,7,Santa Elena de la Cruz (Capadero),22.19580226,-102.3952566,Rural,2,Aportaciones Federales,I004,FAIS Municipal y de las Demarcaciones Territoriales del Distrito Federal,33,Aportaciones Federales para Entidades Federativas y Municipios,DIRECCION DE OBRAS PUBLICAS Y PLANEACION DEL MUNICIPIO DE SAN JOSE DE GRACIA,10,Vivienda,2,Proyecto de Inversión de Infraestructura Social,,17/10/2016,30/11/2016,"PUEBLO VARIAS LOCALIDADES, 00000 SANTA ELENA DE LA CRUZ (CAPADERO), SAN JOSÉ DE GRACIA AGUASCALIENTES ENTRE Y , LA OBRA SE UBICA EN VARIAS VIVI",0,,,295508.31,,,,,,,,,,,,1,Registro,Financiera:  / Física:  / Registro:,1,En Ejecución
AGU00160300748452,Construccion De Cuarto Dormitorio Segunda Etapa - 220236,220236,1,Aguascalientes,8,San José de Gracia,7,Santa Elena de la Cruz (Capadero),22.19556385,-102.3956643,Rural,2,Aportaciones Federales,I004,FAIS Municipal y de las Demarcaciones Territoriales del Distrito Federal,33,Aportaciones Federales para Entidades Federativas y Municipios,DIRECCION DE OBRAS PUBLICAS Y PLANEACION DEL MUNICIPIO DE SAN JOSE DE GRACIA,10,Vivienda,2,Proyecto de Inversión de Infraestructura Social,,17/10/2016,30/11/2016,"PUEBLO , 00000 SANTA ELENA DE LA CRUZ (CAPADERO), SAN JOSÉ DE GRACIA AGUASCALIENTES ENTRE Y , LA OBRA SE UBICA EN VARIAS LOCALIDADES SANTA ELEN",0,,,862665.06,,,,,,,,,,,,1,Registro,Financiera:  / Física:  / Registro:,1,En Ejecución
AGU00160300748496,Construcción De Cuarto Para Baño En Borrotes - 101456,101456,1,Aguascalientes,11,San Francisco de los Romo,6,Borrotes,22.04000586,-102.2070634,Rural,2,Aportaciones Federales,I004,FAIS Municipal y de las Demarcaciones Territoriales del Distrito Federal,33,Aportaciones Federales para Entidades Federativas y Municipios,DIRECCIÓN DE OBRAS PÚBLICAS DEL MUNICIPIO DE SAN FRANCISCO DE LOS ROMO,10,Vivienda,2,Proyecto de Inversión de Infraestructura Social,,01/07/2016,30/12/2016,"CALLE MORELOS INTERIOR SN PUEBLO BORROTES, 20356 BORROTES, SAN FRANCISCO DE LOS ROMO AGUASCALIENTES ENTRE CALLE EMILIANO ZAPATA Y , CALLE BENITO JU",0,,,60250,,,,,,,,,,,,1,Registro,Financiera:  / Física:  / Registro:,1,En Ejecución
AGU00160300748507,Construcción De Cuartos Dormitorios En La Escondida - 100843,100843,1,Aguascalientes,11,San Francisco de los Romo,21,La Escondida (El Salero),22.03503821,-102.2564341,Rural,2,Aportaciones Federales,I004,FAIS Municipal y de las Demarcaciones Territoriales del Distrito Federal,33,Aportaciones Federales para Entidades Federativas y Municipios,DIRECCIÓN DE OBRAS PÚBLICAS DEL MUNICIPIO DE SAN FRANCISCO DE LOS ROMO,10,Vivienda,2,Proyecto de Inversión de Infraestructura Social,,01/07/2016,30/12/2016,"CALLE FRANCISCO VILLA 206 DOSCIENTOS SEIS INTERIOR SN PUEBLO LA ESCONDIDA (EL SALERO), 20304 LA ESCONDIDA (EL SALERO), SAN FRANCISCO DE LOS ROMO AGUA",0,,,181500,,,,,,,,,,,,1,Registro,Financiera:  / Física:  / Registro:,1,En Ejecución
AGU00160300748519,33901 Subcontratacion De Servicios Con Terceros - 364756,364756,1,Aguascalientes,10,El Llano,1,Palo Alto,21.918869,-101.965307,Urbano,2,Aportaciones Federales,I004,FAIS Municipal y de las Demarcaciones Territoriales del Distrito Federal,33,Aportaciones Federales para Entidades Federativas y Municipios,DIRECCION DE OBRAS PUBLICAS Y PLANEACION,0,Otros Proyectos,5,Otros proyectos de Inversión,,01/02/2016,30/11/2016,DADO QUE ES GASTO INDIRECTO EL PROYECTO SE UBICA EN LA CABECERA MUNICIPAL,0,,,180960,,,,,,,,,,,,1,Registro,Financiera:  / Física:  / Registro:,1,En Ejecución
AGU00160300748520,"35501 Mantenimiento Y Conservación De Vehículos Terrestres, Aéreos, Marítimos, Lacustres Y Fluviales - 364957",364957,1,Aguascalientes,10,El Llano,1,Palo Alto,21.918869,-101.965307,Urbano,2,Aportaciones Federales,I004,FAIS Municipal y de las Demarcaciones Territoriales del Distrito Federal,33,Aportaciones Federales para Entidades Federativas y Municipios,DIRECCION DE OBRAS PUBLICAS Y PLANEACION,0,Otros Proyectos,5,Otros proyectos de Inversión,,01/03/2016,31/12/2016,DADO QUE ES GASTO INDIRECTO EL PROYECTO SE UBICA EN LA CABECERA MUNICIPAL,0,,,114406.95,,,,,,,,,,,,1,Registro,Financiera:  / Física:  / Registro:,1,En Ejecución
AGU00160300748521,Modernización Y Eficientización De Los Procesos Administrativos - 361681,361681,1,Aguascalientes,10,El Llano,1,Palo Alto,21.918869,-101.965307,Urbano,2,Aportaciones Federales,I004,FAIS Municipal y de las Demarcaciones Territoriales del Distrito Federal,33,Aportaciones Federales para Entidades Federativas y Municipios,DIRECCION DE OBRAS PUBLICAS Y PLANEACION,0,Otros Proyectos,5,Otros proyectos de Inversión,,27/05/2016,31/07/2016,DADO QUE ES PRODIM EL PROYECTO SE UBICA EN LA CABECERA MUNICIPAL,0,,,72237.74,,,,,,,,,,,,1,Registro,Financiera:  / Física:  / Registro:,1,En Ejecución
AGU00160300748522,Modernización Y Eficientización De Los Procesos Administrativos - 361497,361497,1,Aguascalientes,10,El Llano,1,Palo Alto,21.918869,-101.965307,Urbano,2,Aportaciones Federales,I004,FAIS Municipal y de las Demarcaciones Territoriales del Distrito Federal,33,Aportaciones Federales para Entidades Federativas y Municipios,DIRECCION DE OBRAS PUBLICAS Y PLANEACION,0,Otros Proyectos,5,Otros proyectos de Inversión,,27/05/2016,31/07/2016,DADO QUE ES PRODIM EL PROYECTO SE UBICA EN LA CABECERA MUNICIPAL,0,,,124673.54,,,,,,,,,,,,1,Registro,Financiera:  / Física:  / Registro:,1,En Ejecución
AGU00160400814939,Equipos De Computo E Impresion Para Escuelas De Tiempo Completo,1,1,Aguascalientes,0,Cobertura estatal,,,,,,3,Convenios,S221,Escuelas de Tiempo Completo,11,Educación Pública,Instituto de Educacion de Aguascalientes,2,Educación,2,Proyecto de Inversión de Infraestructura Social,,08/12/2016,,-,0,,,11170236,,,,,,,,,,,,1,Registro,Financiera:  / Física:  / Registro:,1,En Ejecución
AGU00170100833525,Toma Mi Mano,FAM-09001-17,1,Aguascalientes,0,Cobertura estatal,,,,,,2,Aportaciones Federales,I006,FAM Asistencia Social,33,Aportaciones Federales para Entidades Federativas y Municipios,Sistema DIF Estatal Aguascalientes,7,Asistencia Social,10,Otros Programas de Inversión,,10/02/2017,,Av. Convención sur sin numero Fraccionamiento España 20210,0,,,3997754.5,,,,,,,,,,,,1,Registro,Financiera:  / Física:  / Registro:,1,En Ejecución
AGU00170100835002,Universidad Tecnológica El Retoño.  Construcción De Laboratorio Pesado.  El Retoño.,AGU11364,1,Aguascalientes,10,El Llano,0,Cobertura municipal,21.918869,-101.965307,n.a.,2,Aportaciones Federales,I008,FAM Infraestructura Educativa Media Superior y Superior,33,Aportaciones Federales para Entidades Federativas y Municipios,Instituto de Infraestructura Física Educativa del Estado de Aguascalientes (IIFEA),2,Educación,5,Otros proyectos de Inversión,La ampliación y consolidación de la infraestructura física educativa buscan satisfacer la demanda de espacios educativos contenidos en un programa anual de crecimiento.,23/12/2016,01/06/2017,"Carretera a San Luis Potosí Km. 68, Colonia El Retoño, El Llano, Aguascalientes.  CP 20337.",0,,2017,30000000,,,,,,,,Metros Cuadrados,722,0,,1,Registro,"Financiera: La entidad federativa o el municipio no reportó información sobre el avance financiero y físico, y el proyecto se encuentra en ejecución. / Física: La entidad federativa o el municipio no reportó información sobre el avance financiero y físico, y el proyecto se encuentra en ejecución. / Registro:",1,En Ejecución
AGU00170100838303,Sigamos Juntos.,FAM-09002-17,1,Aguascalientes,0,Cobertura estatal,,,,,,2,Aportaciones Federales,I006,FAM Asistencia Social,33,Aportaciones Federales para Entidades Federativas y Municipios,Sistema DIF Estatal Aguascalientes.,7,Asistencia Social,10,Otros Programas de Inversión,,10/02/2017,,Avenida Convención sn. Aguascalientes. Aguascalientes. C.P. 20210,0,,,4210000,,,,,,,,,,,,1,Registro,Financiera:  / Física:  / Registro:,1,En Ejecución
AGU00170100838312,Valoramos La Vida,FAM-09003-17,1,Aguascalientes,0,Cobertura estatal,,,,,,2,Aportaciones Federales,I006,FAM Asistencia Social,33,Aportaciones Federales para Entidades Federativas y Municipios,Sistema DIF Estatal Aguascalientes.,7,Asistencia Social,10,Otros Programas de Inversión,,10/02/2017,,Avenida Convención Sur sn. Aguascalientes. Aguascalientes. C.P. 20210,0,,,500000,,,,,,,,,,,,1,Registro,Financiera:  / Física:  / Registro:,1,En Ejecución
AGU00170100838422,Prevencion Social De Violencia Y La Delicuencia Con Participacion Ciudadan (Violencia Escolar Y Jovenes En Prevencion) 2017,001-A,1,Aguascalientes,1,Aguascalientes,0,Cobertura municipal,21.879823,-102.296047,n.a.,1,Subsidios,U002,"Otorgamiento de subsidios en materia de Seguridad Pública a Entidades Federativas, Municipios y el Distrito Federal",4,Gobernación,SECRETARIA DE SEGURIDAD PÚBLICA MUNICIPAL,9,Seguridad,10,Otros Programas de Inversión,,04/04/2017,,VARIAS ESCUELAS PRIMARIAS,3,Coparticipación Federal-Municipal,,4943531.3,,,,,,,,,,,,1,Registro,Financiera:  / Física:  / Registro:,1,En Ejecución
AGU00170100838449,Profesionalizacion De Las Instituciones De Seguridad Publica 2017,003-A,1,Aguascalientes,1,Aguascalientes,0,Cobertura municipal,21.879823,-102.296047,n.a.,1,Subsidios,U002,"Otorgamiento de subsidios en materia de Seguridad Pública a Entidades Federativas, Municipios y el Distrito Federal",4,Gobernación,SEGURIDAD PUBLICA MUNICIPAL,9,Seguridad,10,Otros Programas de Inversión,,04/04/2017,,-,3,Coparticipación Federal-Municipal,,5637500,,,,,,,,,,,,1,Registro,Financiera:  / Física:  / Registro:,1,En Ejecución
AGU00170100838458,Programas Alimentarios 2017.,FAM-09004-17,1,Aguascalientes,0,Cobertura estatal,,,,,,2,Aportaciones Federales,I006,FAM Asistencia Social,33,Aportaciones Federales para Entidades Federativas y Municipios,Sistema DIF Estatal Aguascalientes.,7,Asistencia Social,10,Otros Programas de Inversión,,15/03/2017,,Avenida Convención Sur sn. Aguascalientes. Aguascalientes.20210.,0,,,78369790.3,,,,,,,,,,,,1,Registro,Financiera:  / Física:  / Registro:,1,En Ejecución
AGU00170100841512,Ampliación Red De Agua Potable En La Calle De Arriba - 21717,21717,1,Aguascalientes,4,Cosío,34,Soledad de Arriba,22.43312714,-102.3076627,Rural,2,Aportaciones Federales,I003,FAIS Entidades,33,Aportaciones Federales para Entidades Federativas y Municipios,SICOM,4,Agua y saneamiento,2,Proyecto de Inversión de Infraestructura Social,DOTAR DE SERVICIO DE AGUA POTABLE A LAS VIVINENDAS INDICADAS EN EL POLANO,12/04/2017,11/05/2017,"CALLE REVOLUCION INTERIOR 0 0 PUEBLO SANTA CRUZ, 20468 SOLEDAD DE ARRIBA, COSÍO AGUASCALIENTES ENTRE CALLE FCO. JAVIER MINA Y CALLE MARCO ANTONIO BARRER, CALLE JUAN ALVAREZ OBRA DE AGUA POTABLE EN LA",0,,2017,146500,,,,,,,,Otros,44,100,,1,Registro,"Financiera: La entidad federativa o el municipio no reportó información sobre el avance financiero y físico, y el proyecto se encuentra en ejecución. / Física: La entidad federativa o el municipio no reportó información sobre el avance financiero y físico, y el proyecto se encuentra en ejecución. / Registro:",1,En Ejecución
AGU00170100841514,Rehabilitacion De La Red Alcantarillado Sanitario En Calle Javier Mina - 25399,25399,1,Aguascalientes,5,Jesús María,1,Jesús María,21.95791666,-102.345235,Urbano,2,Aportaciones Federales,I004,FAIS Municipal y de las Demarcaciones Territoriales del Distrito Federal,33,Aportaciones Federales para Entidades Federativas y Municipios,SECRETARIA DE OBRAS PUBLICAS,4,Agua y saneamiento,2,Proyecto de Inversión de Infraestructura Social,DOTAR DE RED DE DRENAJE A LOS BENEFICIARIOS,17/04/2017,15/06/2017,"CALLE JAVIER MINA 0 INTERIOR 0 COLONIA MARTÍNEZ ANDRADE, 20926 JESÚS MARÍA, JESÚS MARÍA AGUASCALIENTES ENTRE AVENIDA SAN LORENZO Y CALLE LOPEZ MATEOS, CALLE ALDAMA EL TRAMO DE LA CALLE QUE SE VA A REH",0,,2017,1234402.8,,,,,,,,Metros lineales,200,100,,2,REVISIÓN ENTIDAD FEDERATIVA,"Financiera: La información reportada no fue validada por la entidad federativa o bien no se atendieron las observaciones correspondientes, por lo que la información ha sido eliminada del sistema. / Física: La información reportada no fue validada por la entidad federativa o bien no se atendieron las observaciones correspondientes, por lo que la información ha sido eliminada del sistema. / Registro: obra en proceso de licitacion  - SISTEMA: Pasa al siguiente nivel.",1,En Ejecución
AGU00170100841515,Rehabilitacion De La Red Alcantarillado Sanitario En Calle Aldama - 25175,25175,1,Aguascalientes,5,Jesús María,1,Jesús María,21.95787834,-102.3448607,Urbano,2,Aportaciones Federales,I004,FAIS Municipal y de las Demarcaciones Territoriales del Distrito Federal,33,Aportaciones Federales para Entidades Federativas y Municipios,SECRETARIA DE OBRAS PUBLICAS,4,Agua y saneamiento,2,Proyecto de Inversión de Infraestructura Social,DOTAR DE RED DE DRENAJE A LOS BENEFICIARIOS,17/04/2017,15/06/2017,"CALLE ALDAMA 0 INTERIOR 0 COLONIA MARTÍNEZ ANDRADE, 20926 JESÚS MARÍA, JESÚS MARÍA AGUASCALIENTES ENTRE AVENIDA SAN LORENZO Y CALLE LOPEZ MATEOS, CALLE FRANCISCO JAVIER MINA EL TRAMO DE LA CALLE ALDAM",0,,2017,1209975.8,,,,,,,,Metros lineales,200,100,,2,REVISIÓN ENTIDAD FEDERATIVA,"Financiera: La información reportada no fue validada por la entidad federativa o bien no se atendieron las observaciones correspondientes, por lo que la información ha sido eliminada del sistema. / Física: La información reportada no fue validada por la entidad federativa o bien no se atendieron las observaciones correspondientes, por lo que la información ha sido eliminada del sistema. / Registro: obra suspendida por proceso de licitacion  - SISTEMA: Pasa al siguiente nivel.",1,En Ejecución
AGU00170100841523,Construcción De Cuarto Para Baño Vivienda Del Sr Toribio Cortés Lopez Calle H Colegio Militar - 31273,31273,1,Aguascalientes,7,Rincón de Romos,1,Rincón de Romos,22.23335958,-102.3271937,Urbano,2,Aportaciones Federales,I004,FAIS Municipal y de las Demarcaciones Territoriales del Distrito Federal,33,Aportaciones Federales para Entidades Federativas y Municipios,DIRECCIÓN DE OBRAS PÚBLICAS MUNICIPALES,10,Vivienda,2,Proyecto de Inversión de Infraestructura Social,MEJORAR LA VIVIENDA DE PERSONAS CON ESCASOS RECURSOS,02/05/2017,31/07/2017,"CALLE H. COLEGIO MILITAR 612 SEISCIENTOS DOCE INTERIOR SN COLONIA DE CHORA, 20406 RINCÓN DE ROMOS, RINCÓN DE ROMOS AGUASCALIENTES ENTRE CALLE NICOLAS BRAVO Y CALLE PRIVADA H. COLEGIO MILITAR, CALLE RO",0,,2017,52500,,,,,,,,Vivienda,5,100,,1,Registro,"Financiera: La entidad federativa o el municipio no reportó información sobre el avance financiero y físico, y el proyecto se encuentra en ejecución. / Física: La entidad federativa o el municipio no reportó información sobre el avance financiero y físico, y el proyecto se encuentra en ejecución. / Registro:",1,En Ejecución
AGU00170100841524,Construcción De Cuarto Dormitorio Varias Viviendas Barrio De Chora - 31559,31559,1,Aguascalientes,7,Rincón de Romos,1,Rincón de Romos,22.2336367,-102.327765,Urbano,2,Aportaciones Federales,I004,FAIS Municipal y de las Demarcaciones Territoriales del Distrito Federal,33,Aportaciones Federales para Entidades Federativas y Municipios,DIRECCIÓN DE OBRAS PÚBLICAS MUNICIPALES,10,Vivienda,2,Proyecto de Inversión de Infraestructura Social,MEJORAR LA VIVIENDA DE LAS PERSONAS CON ESCASOS RECURSOS,02/05/2017,30/11/2017,"CALLE NICOLAS BRAVO MOTOLINIA H. COLEGIO MILITAR PRIVADA H. COLEGIO MILITAR Y ROSAURA ZAPATA BARRIO DE CHORA, 20406 RINCÓN DE ROMOS, RINCÓN DE ROMOS AGUASCALIENTES ENTRE CALLE NICOLAS BRAVO Y CALLE AL",0,,2017,870000,,,,,,,,Vivienda,50,100,,1,Registro,"Financiera: La entidad federativa o el municipio no reportó información sobre el avance financiero y físico, y el proyecto se encuentra en ejecución. / Física: La entidad federativa o el municipio no reportó información sobre el avance financiero y físico, y el proyecto se encuentra en ejecución. / Registro:",1,En Ejecución
AGU00170100841525,Ampliación Red De Electrificación Calle El Zapote - 31045,31045,1,Aguascalientes,7,Rincón de Romos,18,Escaleras,22.24744895,-102.3330762,Urbano,2,Aportaciones Federales,I004,FAIS Municipal y de las Demarcaciones Territoriales del Distrito Federal,33,Aportaciones Federales para Entidades Federativas y Municipios,DIRECCIÓN DE OBRAS PÚBLICAS MUNICIPALES,5,Urbanización,2,Proyecto de Inversión de Infraestructura Social,CON ESTAS ACCIONES SE ESTARÁ MEJORANDO LA SEGURIDAD DE LOS VECINOS DE ESTA CALLE,02/05/2017,30/11/2017,"CALLE EL ZAPOTE PUEBLO ESCALERAS, 20420 PABLO ESCALERAS, RINCÓN DE ROMOS AGUASCALIENTES ENTRE CALLE OLIVARES SANTANA Y , CALLE 4 DE SEPTIEMBRE CALLE EL ZAPOTE ENTRADA A LA DELEGACIÓN ATRÁS DEL TEMPLO.",0,,2017,140000,,,,,,,,Otros,15,100,,1,Registro,"Financiera: La entidad federativa o el municipio no reportó información sobre el avance financiero y físico, y el proyecto se encuentra en ejecución. / Física: La entidad federativa o el municipio no reportó información sobre el avance financiero y físico, y el proyecto se encuentra en ejecución. / Registro:",1,En Ejecución
AGU00170100841526,Ampliación Red De Electrificación Calle Mirador Del Gavilan - 31020,31020,1,Aguascalientes,7,Rincón de Romos,18,Escaleras,22.25017908,-102.335399,Urbano,2,Aportaciones Federales,I004,FAIS Municipal y de las Demarcaciones Territoriales del Distrito Federal,33,Aportaciones Federales para Entidades Federativas y Municipios,DIRECCIÓN DE OBRAS PÚBLICAS MUNICIPALES,5,Urbanización,2,Proyecto de Inversión de Infraestructura Social,CON ESTAS ACCIONES SE ESTARA BRINDANDO EL SERVICIO DE ELECTRIFICACIÓN A LOS VECINOS DE ESTA CALLE MEJORANDO LA SEGURIDAD DE LOS MISMOS,02/05/2017,30/11/2017,"CALLE MIRADOR DEL GAVILAN PUEBLO ESCALERAS, 20420 PABLO ESCALERAS, RINCÓN DE ROMOS AGUASCALIENTES ENTRE CALLE JOSEFA ORTIZ DE DOMINGUES Y CALLE JILGUERO, CALLE 20 DE NOVIEMBRE CALLE MIRADOR DE LGAVILA",0,,2017,140000,,,,,,,,Otros,50,100,,1,Registro,"Financiera: La entidad federativa o el municipio no reportó información sobre el avance financiero y físico, y el proyecto se encuentra en ejecución. / Física: La entidad federativa o el municipio no reportó información sobre el avance financiero y físico, y el proyecto se encuentra en ejecución. / Registro:",1,En Ejecución
AGU00170100841527,Equipamiento De Red Electrica Con Transformador Calle El Cabrito - 30954,30954,1,Aguascalientes,7,Rincón de Romos,18,Escaleras,22.25383822,-102.3332747,Urbano,2,Aportaciones Federales,I004,FAIS Municipal y de las Demarcaciones Territoriales del Distrito Federal,33,Aportaciones Federales para Entidades Federativas y Municipios,DIRECCIÓN DE OBRAS PÚBLICAS MUNICIPALES,5,Urbanización,2,Proyecto de Inversión de Infraestructura Social,AL BRINDAR EL SERVICIO DE ELECTRIFICACIÓN SE ESTARÁ MEJORANDO LA SEGURIDAD Y CALIDAD DE VIDA A LOS VECINOS DE ESTA COLONIA,02/05/2017,30/11/2017,"CALLE EL CABRITO PUEBLO ESCALERAS, 20420 PABLO ESCALERAS, RINCÓN DE ROMOS AGUASCALIENTES ENTRE CALLE TRIGUERA Y CALLE SIN NOMBRE, CALLE OLIVARES SANTANA CALLE EL CABRITO ESQUINA CON CALLE OLIVARES SAN",0,,2017,100000,,,,,,,,Otros,100,100,,1,Registro,"Financiera: La entidad federativa o el municipio no reportó información sobre el avance financiero y físico, y el proyecto se encuentra en ejecución. / Física: La entidad federativa o el municipio no reportó información sobre el avance financiero y físico, y el proyecto se encuentra en ejecución. / Registro:",1,En Ejecución
AGU00170100841528,Construcción De Cuarto Para Baño Varias Viviendas - 31399,31399,1,Aguascalientes,7,Rincón de Romos,18,Escaleras,22.24981664,-102.3325558,Urbano,2,Aportaciones Federales,I004,FAIS Municipal y de las Demarcaciones Territoriales del Distrito Federal,33,Aportaciones Federales para Entidades Federativas y Municipios,DIRECCIÓN DE OBRAS PÚBLICAS MUNICIPALES,10,Vivienda,2,Proyecto de Inversión de Infraestructura Social,MEJORAR LAS VIVIENDAS DE LAS PERSONAS CON ESCASOS RECURSOS MEJORANDO LA CALIDAD DE VIDA,02/05/2017,30/11/2017,"CALLE VARIAS CALLES PUEBLO ESCALERAS, 20420 PABLO ESCALERAS, RINCÓN DE ROMOS AGUASCALIENTES ENTRE Y , VARIAS CALLES EN LA LOCALIDAD DE PABLO ESCALERAS VARIAS VIVIENDAS",0,,2017,525000,,,,,,,,Vivienda,50,100,,1,Registro,"Financiera: La entidad federativa o el municipio no reportó información sobre el avance financiero y físico, y el proyecto se encuentra en ejecución. / Física: La entidad federativa o el municipio no reportó información sobre el avance financiero y físico, y el proyecto se encuentra en ejecución. / Registro:",1,En Ejecución
AGU00170100849784,Construcción Ciudad Justicia,-,1,Aguascalientes,0,Cobertura estatal,,,,,,3,Convenios,U004,Otorgamiento de subsidios para la implementación de la reforma al sistema de justicia penal,4,Gobernación,Secretaría de Infraestructura y Comunicaciones,0,Otros Proyectos,3,Proyecto de Inversión de Infraestructura Gubernamental,,29/09/2015,,-,0,,,112000000,,,,,,,,,,,,1,Registro,Financiera:  / Física:  / Registro:,1,En Ejecución
AGU00170100849800,Construcción De Ciudad Justicia,-,1,Aguascalientes,1,Aguascalientes,1,Aguascalientes,21.880833,-102.296111,Urbano,3,Convenios,U004,Otorgamiento de subsidios para la implementación de la reforma al sistema de justicia penal,4,Gobernación,Secretaría de Infraestructura y Comunicaciones,0,Otros Proyectos,3,Proyecto de Inversión de Infraestructura Gubernamental,,29/09/2015,,-,0,,,112000000,,,,,,,,,,,,1,Registro,Financiera:  / Física:  / Registro:,1,En Ejecución
AGU00170100849948,Equipamiento Especializado,1,1,Aguascalientes,0,Cobertura estatal,,,,,,2,Aportaciones Federales,I008,FAM Infraestructura Educativa Media Superior y Superior,33,Aportaciones Federales para Entidades Federativas y Municipios,UNIVERSIDAD TECNOLOGICA DE CALVILLO,2,Educación,6,Programa de Inversión de Adquisiciones,,04/01/2017,01/07/2017,"CARRETERA AL TEPETATE 102 EL SALITRE CALVILLO, AGUSCALIENTES C.P. 20800",1,Coparticipación Federal-Estatal,,1132955.09,,,,,,,,,,,,1,Registro,Financiera:  / Física:  / Registro:,1,En Ejecución
AGU00170100850902,Seguro Popular Cuota Social 2017 Gasto Operativo,SPCS 2017,1,Aguascalientes,0,Cobertura estatal,,,,,,1,Subsidios,U005,Seguro Popular,12,Salud,REGIMEN ESTATAL DE PROTECCION SOCIAL EN SALUD DEL ESTADO DE AGUASCALINTES INSTITUTO DE SALUD DEL ESTADO DE AGUASCALIENTES,1,Salud,5,Otros proyectos de Inversión,,01/01/2017,01/01/2017,"REPUBLICA DE CHILE 206 FRACC. EL DORADO SEGUNDA SECCION AGUASCALIENTES, AGS.",1,Coparticipación Federal-Estatal,,270700518.3,,,,,,,,,,,,1,Registro,Financiera:  / Física:  / Registro:,1,En Ejecución
AGU00170100851061,Seguro Popular Cuota Social 2016 Gastos De Operación,2321,1,Aguascalientes,0,Cobertura estatal,,,,,,3,Convenios,U005,Seguro Popular,12,Salud,"REGIMEN ESTATAL DE PROTECCION SOCIAL EN SALUD DEL ESTADO DE AGUASCALIENTES,INSTITUTO DE SALUD DEL ESTADO DE AGUASCALIENTES",1,Salud,5,Otros proyectos de Inversión,,01/01/2016,01/06/2017,"REPUBLICA DE CHILE 2016 FRACC. EL DORADO SEGUNDA SECCION AGUASCALIENTES, AGS.",1,Coparticipación Federal-Estatal,,285692849,,,,,,,,,,,,1,Registro,Financiera:  / Física:  / Registro:,1,En Ejecución
AGU10160300745348,Construcción Del Centro De Manufactura Avanzada Universidad Tecnológica De Aguascalientes,1,1,Aguascalientes,0,Cobertura estatal,,,,,,2,Aportaciones Federales,I008,FAM Infraestructura Educativa Media Superior y Superior,33,Aportaciones Federales para Entidades Federativas y Municipios,Secretaría de Infraestructura y Comunicaciones del Estado de Aguascalientes,2,Educación,5,Otros proyectos de Inversión,Incremento de la matricula y mejora de las instalaciones educativas con tecnológia de punta,05/12/2016,,"El Molino ubicado en Carretera a la Ciudad de los Niños, cuenta catastral número 15289-Rústica, Fracción 2",0,,2016,24943916.3,25239555.94,25239555.94,25239555.94,25239555.94,3123965.94,3123965.94,12.38,Metros Cuadrados,0,0,0,3,VALIDADO,"Financiera:  / Física:  / Registro: SE EJERCEN $614,731.41 DE REMANENTES FAM 2010 SEGUN OFICIO DE AUTORIZACION NUM. 514.1.698/2016 DE FECHA 11 DE JULIO 2016 Y $2,509,234.53 DE FAM 2016 DEL CENTRO DE MANUFACTURA AVANZADA - SISTEMA: Pasa al siguiente nivel.",1,En Ejecución
AGU11130100053730,Sistema De Proteccion Social En Salud,SPSS2011,1,Aguascalientes,0,Cobertura estatal,,,,,,1,Subsidios,U005,Seguro Popular,12,Salud,INSTITUTO DE SERVICIOS DE SALUD DEL ESTADO DE AGUASCALIENTES,1,Salud,0,Sin tipo de proyecto o programa,"Favorecer el desarrollo de las capacidades asociadas a la, salud y nutrición de las familias beneficiarias del programa para contribuir a la ruptura del ciclo generacional de la pobreza.",27/06/2013,04/10/2016,,,,2011,0,9168975.21,9168975.21,9147796.35,9147796.35,9147796.35,9147796.35,99.77,Metros Cuadrados,163197136,100,99.77,3,VALIDADO,Financiera:  / Física:  / Registro: SISTEMA: Pasa al siguiente nivel.,2,Terminado
AGU11130100064395,Oportunidades,OPORT2011,1,Aguascalientes,0,Cobertura estatal,,,,,,1,Subsidios,S072,PROSPERA Programa de Inclusión Social,12,Salud,INSTITUTO DE SERVICIOS DE SALUD DEL ESTADO DE AGUASCALIENTES,1,Salud,2,Proyecto de Inversión de Infraestructura Social,DESARROLLAR ACCIONES PARA LA SALUD Y BIENESTAR PARA LAS FAMILIAS QUE VIVEN EN POBREZA EXTREMA,22/06/2011,,-,0,,2011,0,2535339.31,2535339.31,2535339.31,2535339.31,2535339.31,2535339.31,100,Metros Cuadrados,6484048,100,100,3,VALIDADO,Financiera:  / Física:  / Registro: SISTEMA: Pasa al siguiente nivel.,2,Terminado
AGU11130100128525,"Programa De Desarrollo De Capacidades, Innovación Tecnoólogica Y Extensionismo Rural, Componente De Apoyo Para La Integracíon De Proyectos (Sistemas Producto) 2011",9533.5.1.2,1,Aguascalientes,0,Cobertura estatal,,,,,,1,Subsidios,S233,"Programa de Desarrollo de Capacidades, Innovación Tecnológica y Extensionismo Rural",8,"Agricultura, Ganadería, Desarrollo Rural, Pesca y Alimentación",SECRETARÍA DE DESARROLLO RURAL Y AGROEMPRESARIAL,0,Otros Proyectos,5,Otros proyectos de Inversión,PRODUCTORES AGROPECUARIOS DEL ESTADO DE AGUASCALIENTES,27/06/2013,30/06/2016,,0,,2011,6893596,6893596,6893596,6893596,6893596,6893596,6893596,100,Metros Cuadrados,16,100,100,3,VALIDADO,Financiera:  / Física:  / Registro:,2,Terminado
AGU11130200158886,Rehabilitacion De Complejo Ferrocarrilero 3 Centurias 1 Etapa Elaboracion De Anteproyecto,2841,1,Aguascalientes,0,Cobertura estatal,,,21.879823,-102.296047,,1,Subsidios,U022,Programas Regionales,23,Provisiones Salariales y Económicas,SICOM,0,Otros Proyectos,1,Proyecto de Inversión de Infraestructura Económica,MEJORAMIENTO DEL COMPLEJO FERROCARRILERO,01/10/2012,,,,,2011,290000,290000,290000,290000,0,0,0,0,Obra,1184996,100,0,3,VALIDADO,Financiera:  / Física:  / Registro: . - Se valida y pasa al siguiente nivel.,3,Suspendido
AGU11130200158886,Rehabilitacion De Complejo Ferrocarrilero 3 Centurias 1 Etapa Elaboracion De Anteproyecto,2841,1,Aguascalientes,0,Cobertura estatal,,,21.879823,-102.296047,,1,Subsidios,U022,Programas Regionales,23,Provisiones Salariales y Económicas,SICOM,0,Otros Proyectos,1,Proyecto de Inversión de Infraestructura Económica,MEJORAMIENTO DEL COMPLEJO FERROCARRILERO,01/10/2012,,,,,2011,290000,290000,290000,290000,268000,268000,268000,92.41,Obra,1184996,100,92,3,VALIDADO,Financiera:  / Física:  / Registro: . - SISTEMA: Pasa al siguiente nivel.,3,Suspendido
AGU11130200158886,Rehabilitacion De Complejo Ferrocarrilero 3 Centurias 1 Etapa Elaboracion De Anteproyecto,2841,1,Aguascalientes,0,Cobertura estatal,,,21.879823,-102.296047,,1,Subsidios,U022,Programas Regionales,23,Provisiones Salariales y Económicas,SICOM,0,Otros Proyectos,1,Proyecto de Inversión de Infraestructura Económica,MEJORAMIENTO DEL COMPLEJO FERROCARRILERO,01/10/2012,,,,,2011,290000,268000,268000,268000,268000,268000,268000,100,Obra,1184996,100,100,3,VALIDADO,Financiera:  / Física:  / Registro: . - SISTEMA: Pasa al siguiente nivel.,3,Suspendido
AGU11130200158886,Rehabilitacion De Complejo Ferrocarrilero 3 Centurias 1 Etapa Elaboracion De Anteproyecto,2841,1,Aguascalientes,0,Cobertura estatal,,,21.879823,-102.296047,,1,Subsidios,U022,Programas Regionales,23,Provisiones Salariales y Económicas,SICOM,0,Otros Proyectos,1,Proyecto de Inversión de Infraestructura Económica,MEJORAMIENTO DEL COMPLEJO FERROCARRILERO,01/10/2012,,,,,2011,290000,268000,268000,268000,268000,268000,268000,100,Obra,1184996,100,100,3,VALIDADO,Financiera:  / Física:  / Registro: . - SISTEMA: Pasa al siguiente nivel.,3,Suspendido
AGU11130200158886,Rehabilitacion De Complejo Ferrocarrilero 3 Centurias 1 Etapa Elaboracion De Anteproyecto,2841,1,Aguascalientes,0,Cobertura estatal,,,21.879823,-102.296047,,1,Subsidios,U022,Programas Regionales,23,Provisiones Salariales y Económicas,SICOM,0,Otros Proyectos,1,Proyecto de Inversión de Infraestructura Económica,MEJORAMIENTO DEL COMPLEJO FERROCARRILERO,01/10/2012,,,,,2011,290000,268000,268000,268000,268000,268000,268000,100,Obra,1184996,100,100,3,VALIDADO,Financiera:  / Física:  / Registro: . - SISTEMA: Pasa al siguiente nivel.,3,Suspendido
AGU11160200677356,Transferencia Como Copago Al Fideicomiso Para La Implementación Del Nuevo Sistema De Justicia Penal (Reprogramacion Ejercicio Fiscal 2011),ago-11,1,Aguascalientes,0,Cobertura estatal,,,,,,2,Aportaciones Federales,I011,FASP,33,Aportaciones Federales para Entidades Federativas y Municipios,SESESP,9,Seguridad,5,Otros proyectos de Inversión,IMPULSAR EL NUEVO SISTEMA DE JUSTICIA PENAL EN LA CONSTRUCCIÓN YO ADECUACION DELA INFRAESTRUCTURA,28/06/2016,31/12/2016,-,1,Coparticipación Federal-Estatal,2011,6493695.84,6493695.84,6493695.84,6493695.84,6493695.84,6493695.84,6493695.84,100,Otros,0,0,100,3,VALIDADO,Financiera:  / Física: Se concluyen las aportaciones de Copago al NSJP / Registro: SISTEMA: Pasa al siguiente nivel.,2,Terminado
AGU11170100840708,Unidades Móviles Para Ministerios Públicos,2011-01,1,Aguascalientes,0,Cobertura estatal,,,,,,2,Aportaciones Federales,I011,FASP,33,Aportaciones Federales para Entidades Federativas y Municipios,SESESP,9,Seguridad,5,Otros proyectos de Inversión,"ACERCAMIENTO DE LOS SERVICIOS A LUGARES REMOTOS, CONSIDERADOS CON VULNERABILIDAD SOCIAL",04/04/2017,01/12/2017,-,0,,2011,2926625.19,2926625.19,2926625.19,0,0,0,0,0,Vehículos,0,0,0,3,VALIDADO,Financiera: Proyecto nuevo de recurso 2011 por reprogramación / Física:  / Registro: SISTEMA: Pasa al siguiente nivel.,1,En Ejecución
AGU12130100062358,Seguro Medico Nueva Generacion,SMNG2012,1,Aguascalientes,0,Cobertura estatal,,,,,,1,Subsidios,S201,Seguro Médico Siglo XXI,12,Salud,INSTITUTO DE SERVICIOS DE SALUD DEL ESTADO DE AGUASCALIENTES,1,Salud,2,Proyecto de Inversión de Infraestructura Social,ATENCION A LA POBLACION MENOR DE 5 AÑOS QUE NO CUENTA CON SEGURIDAD SOCIAL PARA APORTALE  COBERTURA AMPLIA EN SALUD,27/06/2013,31/12/2016,-,0,,2012,30719386,23154084.41,23154084.41,23154084.41,23154084.41,23154084.41,23154084.41,100,Metros Cuadrados,0,100,100,3,VALIDADO,Financiera:  / Física:  / Registro: SISTEMA: Pasa al siguiente nivel.,2,Terminado
AGU12130100070483,Sistema De Proteccion Social En Salud,02SPSS2012,1,Aguascalientes,0,Cobertura estatal,,,,,,1,Subsidios,U005,Seguro Popular,12,Salud,INSTITUTO DE SERVICIOS DE SALUD DEL ESTADO DE AGUASCALIENTES,1,Salud,0,Sin tipo de proyecto o programa,"Favorecer el desarrollo de las capacidades asociadas a la, salud y nutrición de las familias beneficiarias del programa para contribuir a la ruptura del ciclo generacional de la pobreza.",27/06/2013,30/09/2016,,,,2012,0,20126325.38,20126325.38,19906849.6,19906849.6,19906849.6,19906849.6,98.91,Metros Cuadrados,178958544,100,98.91,3,VALIDADO,Financiera:  / Física:  / Registro: SISTEMA: Pasa al siguiente nivel.,2,Terminado
AGU12130100086688,Edificio Para El C3,feb-00,1,Aguascalientes,0,Cobertura estatal,,,,,,2,Aportaciones Federales,I011,FASP,33,Aportaciones Federales para Entidades Federativas y Municipios,C3,0,Otros Proyectos,0,Sin tipo de proyecto o programa,,27/06/2013,10/02/2016,,,,2012,0,10771932.78,10771932.78,10326463.6,10326463.6,10326463.6,10326463.6,95.86,Metros Cuadrados,1,100,100,3,VALIDADO,Financiera:  / Física:  / Registro: SISTEMA: Pasa al siguiente nivel.,2,Terminado
AGU12130100116214,"Taller De Ingenieria Robotica, Campus Sur",03UAA CAMPUS SUR,1,Aguascalientes,0,Cobertura estatal,,,21.879823,-102.296047,,3,Convenios,U068,Fondo para ampliar y diversificar la oferta educativa en educación superior,11,Educación Pública,UNIVERSIDAD AUTONOMA DE AGUASCALIENTES,2,Educación,5,Otros proyectos de Inversión,AMPLIAR  OPORTUNIDADES EDUCATIVAS,27/06/2013,,,,,2012,6672981,6672981,6672981,6672981,5377099,5377099,5377099,80.58,Obra,100,100,100,3,VALIDADO,Financiera:  / Física:  / Registro: SISTEMA: Pasa al siguiente nivel.,3,Suspendido
AGU12130100117566,"Taller De Ingenieria Automotriz, Campus Sur",02UAACAMPUS SUR,1,Aguascalientes,0,Cobertura estatal,,,21.879823,-102.296047,,3,Convenios,U068,Fondo para ampliar y diversificar la oferta educativa en educación superior,11,Educación Pública,UNIVERSIDAD AUTONOMA DE AGUASCALIENTES,2,Educación,4,Proyecto de Inversión de Inmuebles,CONTRIBUIR A FORTALECER LA EDUCACION SUPERIOR,27/06/2013,,,,,2012,6672981,6672981,6672981,6672981,6404697,6404697,6404697,95.98,Obra,100,100,100,3,VALIDADO,Financiera:  / Física:  / Registro: SISTEMA: Pasa al siguiente nivel.,3,Suspendido
AGU12130100129834,"Programa De Apoyo A La Inversión En Equipamiento E Infraestructura, Componente Agrícola 2012",9533.6.1.1,1,Aguascalientes,0,Cobertura estatal,,,21.879823,-102.296047,,1,Subsidios,S230,Programa de Apoyo a la Inversión en Equipamiento e Infraestructura,8,"Agricultura, Ganadería, Desarrollo Rural, Pesca y Alimentación",SECRETARÍA DE DESARROLLO RURAL Y AGROEMPRESARIAL,0,Otros Proyectos,5,Otros proyectos de Inversión,PRODUCTORES AGROPECUARIOS DEL ESTADO DE AGUASCALIENTES,24/04/2012,31/10/2014,,0,,2012,15000000,15690788.21,15690788.21,15690788.21,15690788.21,15690788.21,15690788.21,100,Apoyo,558,100,100,3,VALIDADO,"Financiera: SAGARPA retuvo Gastos de difusión $45,000.00, se amplia con productos financieros $ 735,788.87 / Física:  / Registro: SISTEMA: Pasa al siguiente nivel.",3,Suspendido
AGU12150200541764,Mantenimiento Y Remodelacion De Centro Deinformacion Fondo De Aportaciones  Multiples,-,1,Aguascalientes,0,Cobertura estatal,,,21.879823,-102.296047,,2,Aportaciones Federales,I008,FAM Infraestructura Educativa Media Superior y Superior,33,Aportaciones Federales para Entidades Federativas y Municipios,SICOM-INSTITUTO TECNOLOGICO DE AGUASCALIENTES,2,Educación,5,Otros proyectos de Inversión,COBERTURA Y FORTALECER LA CALIDAD EN LA EDUCACION,29/03/2012,,-,0,,2012,4000000,4000000,4000000,3909749.84,3909749.84,3909749.84,3909749.84,97.74,Metros Cuadrados,0,0,30,3,VALIDADO,Financiera:  / Física: ESTE RECURSO FUE PARA CONCLUIRLA AMPLIACION Y REMODELACION DEL CENTRO DE INFORMACION. / Registro: SISTEMA: Pasa al siguiente nivel.,3,Suspendido
AGU12160200677611,Transferencia De Recursos De Copago Al Fideicomiso Para La Implementacion Del Nuevo Sistema De Justicia Penal  Recursos Fasp 2012,ago-12,1,Aguascalientes,0,Cobertura estatal,,,,,,2,Aportaciones Federales,I011,FASP,33,Aportaciones Federales para Entidades Federativas y Municipios,SESESP,9,Seguridad,5,Otros proyectos de Inversión,"APOYAR LA IMPLEMENTACION DEL NUEVO SISTEMA JUSTICIA PENAL, MEDIANTE LA APORTACION DE RECURSOS FASP.",28/06/2016,31/12/2016,-,1,Coparticipación Federal-Estatal,2012,14165250.34,14165250.34,14165250.34,14165250.34,14165250.34,14165250.34,14165250.34,100,Otros,0,0,100,3,VALIDADO,Financiera:  / Física: Se concluyen las aportaciones de Copago al NSJP / Registro: SISTEMA: Pasa al siguiente nivel.,2,Terminado
AGU13130100054083,Sistema De Proteccion Social En Salud,02SPSS2013,1,Aguascalientes,0,Cobertura estatal,,,,,,1,Subsidios,U005,Seguro Popular,12,Salud,INSTITUTO DE SERVICIOS DE SALUD DEL ESTADO DE AGUASCALIENTES,1,Salud,10,Otros Programas de Inversión,Favorecer el desarrollo de las capacidades asociadas a la salud y nutrición de las familias beneficiarias del programa para contribuir a la ruptura del ciclo generacional de la pobreza.,27/06/2013,01/10/2016,-,0,,2013,0,26213626.8,26213626.8,26209018.71,26209018.71,26209018.71,26209018.71,99.98,Metros Cuadrados,22558340,100,99.98,3,VALIDADO,"Financiera: LOS 4,608.09 DE DIFERENCIA SE REINTEGRAN EN ESTE TRIMESTRE / Física:  / Registro: SISTEMA: Pasa al siguiente nivel.",2,Terminado
AGU13130100090180,Servicios Personales,FORTAMUN,1,Aguascalientes,3,Calvillo,1,Calvillo,21.846907,-102.718751,Urbano,2,Aportaciones Federales,I005,FORTAMUN,33,Aportaciones Federales para Entidades Federativas y Municipios,MUNICIPIO DE CALVILLO,0,Otros Proyectos,10,Otros Programas de Inversión,100 PAGO,27/06/2013,,,0,,2013,0,20238709.03,10588683.18,0,8394686.36,8394686.36,8394686.36,41.48,Pago,100,100,41,3,VALIDADO,Financiera:  / Física:  / Registro: 0 - Se valida y pasa al siguiente nivel.,3,Suspendido
AGU13130100090180,Servicios Personales,FORTAMUN,1,Aguascalientes,3,Calvillo,1,Calvillo,21.846907,-102.718751,Urbano,2,Aportaciones Federales,I005,FORTAMUN,33,Aportaciones Federales para Entidades Federativas y Municipios,MUNICIPIO DE CALVILLO,0,Otros Proyectos,10,Otros Programas de Inversión,100 PAGO,27/06/2013,,,0,,2013,0,19559170.55,14669377.91,12519436.84,12519436.84,12519436.84,12519436.84,64.01,Pago,100,100,64,3,VALIDADO,Financiera:  / Física:  / Registro: SISTEMA: Pasa al siguiente nivel.,3,Suspendido
AGU13130100090180,Servicios Personales,FORTAMUN,1,Aguascalientes,3,Calvillo,1,Calvillo,21.846907,-102.718751,Urbano,2,Aportaciones Federales,I005,FORTAMUN,33,Aportaciones Federales para Entidades Federativas y Municipios,MUNICIPIO DE CALVILLO,0,Otros Proyectos,10,Otros Programas de Inversión,100 PAGO,27/06/2013,,,0,,2013,0,19533234.28,19533234.28,19533234.28,19533234.28,19533234.28,19533234.28,100,Pago,100,100,100,3,VALIDADO,Financiera:  / Física:  / Registro: SISTEMA: Pasa al siguiente nivel.,3,Suspendido
AGU13130100090376,"Servicios No Personales, Materiales Y Suministros",FORTAMUN,1,Aguascalientes,3,Calvillo,1,Calvillo,21.846907,-102.718751,Urbano,2,Aportaciones Federales,I005,FORTAMUN,33,Aportaciones Federales para Entidades Federativas y Municipios,MUNICIPIO DE CALVILLO,0,Otros Proyectos,10,Otros Programas de Inversión,0,27/06/2013,,,0,,2013,0,4268929.54,2233459.77,0,1851509.11,1851509.11,1851509.11,43.37,Acción,100,100,43,3,VALIDADO,Financiera:  / Física:  / Registro: 0 - Se valida y pasa al siguiente nivel.,3,Suspendido
AGU13130100090376,"Servicios No Personales, Materiales Y Suministros",FORTAMUN,1,Aguascalientes,3,Calvillo,1,Calvillo,21.846907,-102.718751,Urbano,2,Aportaciones Federales,I005,FORTAMUN,33,Aportaciones Federales para Entidades Federativas y Municipios,MUNICIPIO DE CALVILLO,0,Otros Proyectos,10,Otros Programas de Inversión,0,27/06/2013,,,0,,2013,0,4729105.2,3546828.9,3103126.62,3103126.62,3103126.62,3103126.62,65.62,Acción,100,100,66,3,VALIDADO,Financiera:  / Física:  / Registro: SISTEMA: Pasa al siguiente nivel.,3,Suspendido
AGU13130100090376,"Servicios No Personales, Materiales Y Suministros",FORTAMUN,1,Aguascalientes,3,Calvillo,1,Calvillo,21.846907,-102.718751,Urbano,2,Aportaciones Federales,I005,FORTAMUN,33,Aportaciones Federales para Entidades Federativas y Municipios,MUNICIPIO DE CALVILLO,0,Otros Proyectos,10,Otros Programas de Inversión,0,27/06/2013,,,0,,2013,0,4689408.59,4689408.59,4689408.59,4689408.59,4689408.59,4689408.59,100,Acción,100,100,100,3,VALIDADO,Financiera:  / Física:  / Registro: SISTEMA: Pasa al siguiente nivel.,3,Suspendido
AGU13130100090417,Pago De Deuda Publica,FORTAMUN,1,Aguascalientes,3,Calvillo,1,Calvillo,21.846907,-102.718751,Urbano,2,Aportaciones Federales,I005,FORTAMUN,33,Aportaciones Federales para Entidades Federativas y Municipios,MUNICIPIO DE CALVILLO,0,Otros Proyectos,10,Otros Programas de Inversión,0,27/06/2013,,,0,,2013,0,829651.44,434065.05,0,0,0,0,0,Pago,1,100,0,3,VALIDADO,Financiera:  / Física:  / Registro: 0 - Se valida y pasa al siguiente nivel.,3,Suspendido
AGU13130100090417,Pago De Deuda Publica,FORTAMUN,1,Aguascalientes,3,Calvillo,1,Calvillo,21.846907,-102.718751,Urbano,2,Aportaciones Federales,I005,FORTAMUN,33,Aportaciones Federales para Entidades Federativas y Municipios,MUNICIPIO DE CALVILLO,0,Otros Proyectos,10,Otros Programas de Inversión,0,27/06/2013,,,0,,2013,0,2224140.25,1664105.19,887363,887363,887363,887363,39.9,Pago,1,100,40,3,VALIDADO,Financiera:  / Física:  / Registro: SISTEMA: Pasa al siguiente nivel.,3,Suspendido
AGU13130100090417,Pago De Deuda Publica,FORTAMUN,1,Aguascalientes,3,Calvillo,1,Calvillo,21.846907,-102.718751,Urbano,2,Aportaciones Federales,I005,FORTAMUN,33,Aportaciones Federales para Entidades Federativas y Municipios,MUNICIPIO DE CALVILLO,0,Otros Proyectos,10,Otros Programas de Inversión,0,27/06/2013,,,0,,2013,0,2197217.49,2197217.49,2197217.49,2197217.49,2197217.49,2197217.49,100,Pago,1,100,100,3,VALIDADO,Financiera:  / Física:  / Registro: SISTEMA: Pasa al siguiente nivel.,3,Suspendido
AGU13130200146000,Seguro Medico Siglo Xxi 2013,SMSXXI2013,1,Aguascalientes,0,Cobertura estatal,,,,,,1,Subsidios,S201,Seguro Médico Siglo XXI,12,Salud,INSTITUTO DE SERVICIOS DE SALUD DEL ESTADO DE AGUASCALIENTES,1,Salud,2,Proyecto de Inversión de Infraestructura Social,ATENCION A LA POBLACION MENOR DE 5 AÑOS QUE NO CUENTA CON SEGURIDAD SOCIAL PARA APORTALE  COBERTURA AMPLIA EN SALUD,13/06/2013,,-,0,,2013,7071424,19102807.85,19102807.85,18181947.05,18181947.05,18181947.05,18181947.05,95.18,Metros Cuadrados,0,30,95.18,7,VALIDA OBSERVACIONES,"Financiera: SE REINTEGRO UNA PARTE POR 920,860.80 EL 23 ENE 15 / Física:  / Registro: SISTEMA: Pasa al siguiente nivel.",1,En Ejecución
