FECHA_EVENTO,TIPO_EVENTO,ID_INFRAESTRUCTURA,TIPO_INFRAESTRUCTURA,DESC_INFRAESTRUCTURA,ID_ENTIDAD_FEDERATIVA,ENTIDAD_FEDERATIVA,ID_MUNICIPIO,MUNICIPIO,LATITUD,LONGITUD,CAMAS_AREA_HOSPITALIZACION,CAMAS_FUERA_AREA_HOSPITALIZACION,NUM_CAMAS_OPERACION,INFRAESTRUCTURA_VALORADA,TIPO_DANIO,DETALLE_DANIO,NIVEL_GOBIERNO_VALORACION,INTANCIA_GOBIERNO_VALORACION,ESTATUS_OPERACION,FECHA_VERIFICACION,HORA_VERIFICACION,ESTATUS_ASEGURAMIENTO,
,,CSSSA000045,DE HOSPITALIZACIÓN,H. B. C. DR. MANUEL VELASCO SUAREZ ACALA,7,CHIAPAS,2,ACALA,16.556405,-92.815191,23,0,,SI,,ALGUNOS DAÑOS EN LAS JUNTAS CONSTRUCTIVAS EN DIVERSAS AREAS.,,,Con Daño,,,,
,,CSSSA000050,DE CONSULTA EXTERNA,VILLA DE ACALA,7,CHIAPAS,2,ACALA,16.559,-92.8049,0,1,,SI,,FISURAS EN MUROS INTERIORES Y EN LOSA,,,Con Daño,,,,
,,CSSSA000325,DE CONSULTA EXTERNA,FRANCISCO I. MADERO,7,CHIAPAS,6,AMATENANGO DE LA FRONTERA,15.513769,-92.088463,0,0,,SI,,,,,Con Daño,,,,
,,CSSSA000412,DE HOSPITALIZACIÓN,H. B. C. DE ÁNGEL ALBINO CORZO,7,CHIAPAS,8,ANGEL ALBINO CORZO,15.872427,-92.717135,27,0,,SI,,"CRISTAL ROTO EN UNA PUERTA BATIENTE, SIN MAYORES AFECTACIONES ",,,Con Daño,,,,
,,CSSSA000453,DE HOSPITALIZACIÓN,HOSPITAL GENERAL JUÁREZ ARRIAGA,7,CHIAPAS,9,ARRIAGA,16.241433,-93.887308,33,0,,SI,,SE REALIZARON OBSERVACIONES EXHAUSTIVAS EN TODA LA ESTRUCTURA HOSPITALARIA EN LA CUAL NO SE ENCONTRARON DAÑOS ESTRUCTURALES UNICAMENTE ALGUNAS LAMPARAS Y PLAFONES DESPLAZADAS MISMAS QUE FUERON CORREGIDAS ,,,Con Daño,,,,
,,CSSSA000465,DE CONSULTA EXTERNA,ARRIAGA,7,CHIAPAS,9,ARRIAGA,16.2332,-93.9041,0,0,,SI,,,,,Con Daño,,,,
,,CSSSA000581,DE CONSULTA EXTERNA,BELLAVISTA,7,CHIAPAS,11,BELLA VISTA,15.584,-92.2464,0,3,,SI,,DAÑOS EN APLANADOS Y ACABADOS ,,,Con Daño,,,,
,,CSSSA000651,DE CONSULTA EXTERNA,BERRIOZÁBAL,7,CHIAPAS,12,BERRIOZÁBAL,16.7977,-93.2657,0,2,,SI,,"FISURAS EN MUROS, DAÑOS EN CRITALERIA, DAÑOS EN INSTALACIONES HIDROSANITARIAS",,,Con Daño,,,,
,,CSSSA000832,DE HOSPITALIZACIÓN,H. B. C. DE CINTALAPA DE FIGUEROA,7,CHIAPAS,17,CINTALAPA,16.681849,-93.730611,12,0,,SI,,"PRESENTA FISURAS EN MUROS EN LAS ÁREAS DE PEDIATRIA, SALA DE CHOQUE Y GOBIERNO.",,,Con Daño,,,,
,,CSSSA000844,DE CONSULTA EXTERNA,CINTALAPA,7,CHIAPAS,17,CINTALAPA,16.6955,-93.7253,0,0,,SI,,,,,FUERA DE OPERACIÓN (TOTAL O PARCIAL),,,,
,,CSSSA001030,DE HOSPITALIZACIÓN,HOSPITAL GENERAL MARÍA IGNACIA GANDULFO COMITAN,7,CHIAPAS,19,COMITÁN DE DOMÍNGUEZ,16.246124,-92.129627,62,0,,SI,,DAÑOS MENORES EN JUNTAS CONSTRUCTIVAS ,,,Con Daño,,,,
,,CSSSA001182,DE CONSULTA EXTERNA,NUEVA CONCORDIA,7,CHIAPAS,20,LA CONCORDIA,16.1179,-92.688,6,9,,SI,,,,,Con Daño,,,,
,,CSSSA001252,DE CONSULTA EXTERNA,REFORMA,7,CHIAPAS,20,LA CONCORDIA,15.92,-92.6643,0,0,,SI,,,,,Con Daño,,,,
,,CSSSA001322,DE CONSULTA EXTERNA,COPAINALÁ,7,CHIAPAS,21,COPAINALÁ,17.0945,-93.2125,12,7,,SI,,"FISURAS EN MUROS DE LOS CONSULTORIOS, FISURAS EN LOSA DE LAS AREAS DE RAYOS X, LABORATORIO, CENTRAL DE ENFERMERAS Y HOSPITALIZACIÓN",,,Con Daño,,,,
,,CSSSA001532,DE CONSULTA EXTERNA,CHANAL,7,CHIAPAS,24,CHANAL,16.6579,-92.2602,0,6,,SI,,,,,Con Daño,,,,
,,CSSSA001614,DE CONSULTA EXTERNA,YABTECLUM PUEBLO NUEVO,7,CHIAPAS,26,CHENALHÓ,16.9396,-92.5674,0,4,,SI,,,,,Con Daño,,,,
,,CSSSA001626,DE CONSULTA EXTERNA,CHIAPA DE CORZO,7,CHIAPAS,27,CHIAPA DE CORZO,16.7045,-93.0131,0,4,,SI,,DAÑOS EN JUNTAS CONSTRUCTIVAS Y PISOS,,,Con Daño,,,,
,,CSSSA001672,DE CONSULTA EXTERNA,NARCISO MENDOZA,7,CHIAPAS,27,CHIAPA DE CORZO,16.5795,-92.9897,0,1,,SI,,,,,Con Daño,,,,
,,CSSSA001725,DE CONSULTA EXTERNA,CHICOMUSELO,7,CHIAPAS,30,CHICOMUSELO,15.7444,-92.2831,0,2,,SI,,DAÑO EN PISOS Y CAIDA DE PLAFONES ,,,Con Daño,,,,
,,CSSSA001841,DE CONSULTA EXTERNA,BACHAJÓN,7,CHIAPAS,31,CHILÓN,17.0347,-92.1814,0,6,,SI,,,,,Con Daño,,,,
,,CSSSA001976,DE CONSULTA EXTERNA,PINABETAL,7,CHIAPAS,31,CHILÓN,16.9516,-92.2525,0,1,,SI,,,,,Con Daño,,,,
,,CSSSA002314,DE CONSULTA EXTERNA,FRONTERA COMALAPA,7,CHIAPAS,34,FRONTERA COMALAPA,15.6584,-92.1442,0,0,,SI,,"CAIDA DE UN AIRE ACONDICIONADO, DAÑO EN JUNTAS CONSTRUCTIVAS Y PUERTAS ",,,Con Daño,,,,
,,CSSSA002430,DE CONSULTA EXTERNA,HUEHUETÁN,7,CHIAPAS,37,HUEHUETÁN,15.0171,-92.3848,0,1,,SI,,DAÑOS EN LA JUNTA CONSTRUCTUVA DEL EDIFICIO 2 ANEXO ,,,Con Daño,,,,
,,CSSSA002500,DE CONSULTA EXTERNA,SAN PEDRO PEDERNAL,7,CHIAPAS,38,HUIXTÁN,16.6628,-92.3221,0,0,,SI,,,,,Con Daño,,,,
,,CSSSA002524,DE CONSULTA EXTERNA,YALCUC,7,CHIAPAS,38,HUIXTÁN,16.6428,-92.4197,0,0,,SI,,,,,Con Daño,,,,
,,CSSSA002541,DE CONSULTA EXTERNA,HUITIUPÁN,7,CHIAPAS,39,HUITIUPÁN,17.1726,-92.686,0,0,,SI,,,,,Con Daño,,,,
,,CSSSA002611,DE HOSPITALIZACIÓN,HOSPITAL GENERAL HUIXTLA,7,CHIAPAS,40,HUIXTLA,15.145903,-92.457536,31,0,,SI,,DAÑOS EN LAS JUNTAS CONSTRUCTIVAS EN DIFERENTAS ÁREAS Y DAÑOS EN APLANADOS ,,,Con Daño,,,,
,,CSSSA002664,DE CONSULTA EXTERNA,JOSÉ MARÍA MORELOS Y PAVÓN,7,CHIAPAS,40,HUIXTLA,15.2342,-92.4664,0,2,,SI,,DAÑOS EN JUNTAS CONSTRUCTIVAS EN SALUD DE USOS MULTIPLES ,,,Con Daño,,,,
,,CSSSA002710,DE CONSULTA EXTERNA,LA INDEPENDENCIA,7,CHIAPAS,41,LA INDEPENDENCIA,16.2513,-92.0227,0,2,,SI,,,,,Con Daño,,,,
,,CSSSA002816,DE CONSULTA EXTERNA,IXTACOMITÁN,7,CHIAPAS,43,IXTACOMITÁN,17.4324,-93.0989,0,0,,SI,,DAÑO EN BARDA PERIMETRAL Y ALGUNAS FISURAS ,,,Con Daño,,,,
,,CSSSA002862,DE CONSULTA EXTERNA,IXTAPA,7,CHIAPAS,44,IXTAPA,16.8008,-92.9011,0,1,,SI,,,,,Con Daño,,,,
,,CSSSA002932,DE CONSULTA EXTERNA,JIQUIPILAS,7,CHIAPAS,46,JIQUIPILAS,16.6655,-93.6484,0,2,,SI,,,,,Con Daño,,,,
,,CSSSA002956,DE CONSULTA EXTERNA,JOSÉ MARÍA PINO SUÁREZ,7,CHIAPAS,46,JIQUIPILAS,16.5047,-93.7419,0,1,,SI,,,,,Con Daño,,,,
,,CSSSA003026,DE CONSULTA EXTERNA,BENITO JUÁREZ,7,CHIAPAS,46,JIQUIPILAS,16.7764,-93.6099,0,1,,SI,,,,,Con Daño,,,,
,,CSSSA003084,DE CONSULTA EXTERNA,JUÁREZ,7,CHIAPAS,48,JUÁREZ,17.6093,-93.1948,0,0,,SI,,,,,Con Daño,,,,
,,CSSSA003113,DE CONSULTA EXTERNA,SAN ANDRÉS LARRAINZAR,7,CHIAPAS,49,LARRÁINZAR,16.8846,-92.7139,0,0,,SI,,,,,Con Daño,,,,
,,CSSSA003200,DE CONSULTA EXTERNA,MAPASTEPEC,7,CHIAPAS,51,MAPASTEPEC,15.4414,-92.8927,0,1,,SI,,DAÑOS EN JUNTAS CONSTRUCTIVAS ,,,Con Daño,,,,
,,CSSSA003265,DE HOSPITALIZACIÓN,H. B. C. DE LAS MARGARITAS,7,CHIAPAS,52,LAS MARGARITAS,16.320459,-91.97701,12,0,,SI,,DAÑOS SUPERFICIALES EN JUNTAS CONSTRUCTIVAS Y APLANADOS. ,,,Con Daño,,,,
,,CSSSA003270,DE CONSULTA EXTERNA,AMPARO AGUA TINTA,7,CHIAPAS,52,LAS MARGARITAS,16.1353,-91.4906,4,4,,SI,,DAÑOS MENORES EN JUNTAS CONSTRUCTIVAS ,,,Con Daño,,,,
,,CSSSA003615,DE CONSULTA EXTERNA,GRANADOS TALCANAQUE,7,CHIAPAS,53,MAZAPA DE MADERO,15.2804,-92.211,0,0,,SI,,,,,Con Daño,,,,
,,CSSSA003726,DE CONSULTA EXTERNA,MOTOZINTLA DE MENDOZA,7,CHIAPAS,57,MOTOZINTLA,15.3697,-92.2404,0,0,,SI,,DAÑOS MINIMOS EN JUNTAS CONSTRUCTIVAS Y ACABADOS ,,,Con Daño,,,,
,,CSSSA003743,DE CONSULTA EXTERNA,FRANCISCO I. MADERO,7,CHIAPAS,57,MOTOZINTLA,15.3412,-92.4207,0,0,,SI,,,,,Con Daño,,,,
,,CSSSA003755,DE CONSULTA EXTERNA,SANTA ANA PINABETO,7,CHIAPAS,57,MOTOZINTLA,15.2131,-92.2377,0,0,,SI,,,,,Con Daño,,,,
,,CSSSA003842,DE CONSULTA EXTERNA,OCOSINGO,7,CHIAPAS,59,OCOSINGO,16.9064,-92.0949,0,2,,SI,,,,,Con Daño,,,,
,,CSSSA004105,DE CONSULTA EXTERNA,NUEVA MORELIA,7,CHIAPAS,59,OCOSINGO,16.8228,-91.9107,0,1,,SI,,,,,Con Daño,,,,
,,CSSSA004146,DE CONSULTA EXTERNA,LA TRINIDAD,7,CHIAPAS,59,OCOSINGO,16.7819,-91.6195,0,1,,SI,,,,,Con Daño,,,,
,,CSSSA004291,DE CONSULTA EXTERNA,OCOZOCOAUTLA,7,CHIAPAS,61,OCOZOCOAUTLA DE ESPINOSA,16.7577,-93.379,0,1,,SI,,,,,Con Daño,,,,
,,CSSSA004443,DE CONSULTA EXTERNA,PLAN DE AYALA,7,CHIAPAS,62,OSTUACÁN,17.474,-93.4865,0,0,,SI,,FISURAS EN JUNTAS CONSTRUCTIVAS Y FILTRACIONES EN LA LOSA ,,,Con Daño,,,,
,,CSSSA004496,DE CONSULTA EXTERNA,OXCHUC,7,CHIAPAS,64,OXCHUC,16.7846,-92.3417,0,6,,SI,,,,,Con Daño,,,,
,,CSSSA004595,DE HOSPITALIZACIÓN,HOSPITAL GENERAL PALENQUE,7,CHIAPAS,65,PALENQUE,17.507697,-91.988442,60,0,,SI,,"DAÑOS MENORES EN APLANADOS, JUNTAS CONSTRUCTIVAS Y CAIDAS DE PLAFONES ",,,Con Daño,,,,
,,CSSSA004945,DE HOSPITALIZACIÓN,HOSPITAL GENERAL PICHUCALCO,7,CHIAPAS,68,PICHUCALCO,17.514011,-93.120601,30,0,,SI,,DESPRENDIMIENTOS DE APLANADOS Y FILTRACIONES EN LOSA ,,,Con Daño,,,,
,,CSSSA004950,DE CONSULTA EXTERNA,PICHUCALCO,7,CHIAPAS,68,PICHUCALCO,17.5147,-93.1177,0,0,,SI,,DAÑO EN JUNTAS CONSTRUCTIVAS Y DESPRENDIMIENTO DE APLANADOS EN DIFERENTES ÁREAS ,,,Con Daño,,,,
,,CSSSA005020,DE CONSULTA EXTERNA,PIJIJIAPAN,7,CHIAPAS,69,PIJIJIAPAN,15.6849,-93.2107,0,0,,SI,,,,,Con Daño,,,,
,,CSSSA005056,DE CONSULTA EXTERNA,EL CARMEN,7,CHIAPAS,69,PIJIJIAPAN,15.577,-93.1286,0,0,,SI,,,,,Con Daño,,,,
,,CSSSA005341,DE CONSULTA EXTERNA,PUEBLO NUEVO SOLISTAHUACÁN,7,CHIAPAS,72,PUEBLO NUEVO SOLISTAHUACÁN,17.1598,-92.8988,11,0,,SI,,DAÑOS EN LAS JUNTAS CONSTRUCTIVAS Y FILTRACIONES EN LA AZOTEA ,,,Con Daño,,,,
,,CSSSA005435,DE CONSULTA EXTERNA,RAYÓN,7,CHIAPAS,73,RAYÓN,17.2018,-93.0084,0,0,,SI,,ALGUNAS FISURAS EN JUNTAS CONSTRUCTIVAS ,,,Con Daño,,,,
,,CSSSA005464,DE CONSULTA EXTERNA,REFORMA,7,CHIAPAS,74,REFORMA,17.8621,-93.1507,1,1,,SI,,"LEVANTAMIENTO DE PISO, FISURAS EN DIFERENTES AREAS ",,,Con Daño,,,,
,,CSSSA005510,DE CONSULTA EXTERNA,LAS ROSAS,7,CHIAPAS,75,LAS ROSAS,16.3608,-92.3689,0,0,,SI,,,,,Con Daño,,,,
,,CSSSA005645,DE CONSULTA EXTERNA,SALTO DE AGUA,7,CHIAPAS,77,SALTO DE AGUA,17.5528,-92.3384,12,3,,SI,,,,,Con Daño,,,,
,,CSSSA005773,DE HOSPITALIZACIÓN,HOSPITAL DE LA MUJER SAN CRISTÓBAL DE LAS CASAS,7,CHIAPAS,78,SAN CRISTÓBAL DE LAS CASAS,16.733136,-92.636849,26,0,,SI,,DAÑOS MENORES EN ACABADOS DE LA UNIDAD MEDICA ,,,Con Daño,,,,
,,CSSSA005785,DE CONSULTA EXTERNA,"SAN CRISTÓBAL DE LAS CASAS, CHIAPAS",7,CHIAPAS,78,SAN CRISTÓBAL DE LAS CASAS,16.7188,-92.6407,0,0,,SI,,,,,Con Daño,,,,
,,CSSSA005843,DE CONSULTA EXTERNA,SAN FERNANDO,7,CHIAPAS,79,SAN FERNANDO,16.8747,-93.2083,0,4,,SI,,,,,Con Daño,,,,
,,CSSSA005901,DE CONSULTA EXTERNA,SILTEPEC,7,CHIAPAS,80,SILTEPEC,15.5494,-92.3205,10,3,,SI,,,,,Con Daño,,,,
,,CSSSA005913,DE CONSULTA EXTERNA,SANTO DOMINGO LA CASCADA,7,CHIAPAS,80,SILTEPEC,15.4904,-92.4014,0,0,,SI,,,,,Con Daño,,,,
,,CSSSA006094,DE CONSULTA EXTERNA,SIMOJOVEL,7,CHIAPAS,81,SIMOJOVEL,17.139,-92.7086,13,0,,SI,,,,,Con Daño,,,,
,,CSSSA006263,DE CONSULTA EXTERNA,SOCOLTENANGO,7,CHIAPAS,83,SOCOLTENANGO,16.235,-92.3493,0,10,,SI,,DAÑOS MENORES EN ACABADOS DE LA UNIDAD MEDICA ,,,Con Daño,,,,
,,CSSSA006345,DE CONSULTA EXTERNA,SUCHIAPA,7,CHIAPAS,86,SUCHIAPA,16.6214,-93.1046,0,4,,SI,,DAÑO EN JUNTAS CONSTRUCTIVAS Y PISOS,,,Con Daño,,,,
,,CSSSA006350,DE CONSULTA EXTERNA,PACÚ,7,CHIAPAS,86,SUCHIAPA,16.6336,-93.1332,0,1,,SI,,,,,Con Daño,,,,
,,CSSSA006403,DE HOSPITALIZACIÓN,HOSPITAL GENERAL TAPACHULA,7,CHIAPAS,89,TAPACHULA,14.885926,-92.290288,68,0,,SI,,DAÑOS MENORES EN JUNTAS CONSTRUCTIVAS Y APLANADOS ,,,Con Daño,,,,
,,CSSSA006420,DE CONSULTA EXTERNA,VILLA DE LAS FLORES (TAPACHULA),7,CHIAPAS,89,TAPACHULA,14.8826,-92.2722,0,0,,SI,,DAÑOS EN LAS JUNSTAS CONSTUCTIVAS EN BODEGA Y BAÑOS DE HOMBRE ,,,Con Daño,,,,
,,CSSSA006432,DE CONSULTA EXTERNA,TAPACHULA INDECO CEBADILLA,7,CHIAPAS,89,TAPACHULA,14.8786,-92.2662,0,0,,SI,,"DAÑOS EN JUNTAS CONSTRUCTIVAS, DAÑOS EN BARDA PERIMETRAL ",,,Con Daño,,,,
,,CSSSA006485,DE CONSULTA EXTERNA,EL EDÉN,7,CHIAPAS,89,TAPACHULA,15.0607,-92.2986,0,0,,SI,,DAÑOS EN JUNTAS CONSTRUCTUVAS ,,,Con Daño,,,,
,,CSSSA006526,DE CONSULTA EXTERNA,JOSÉ MARÍA MORELOS,7,CHIAPAS,89,TAPACHULA,14.7843,-92.4002,0,0,,SI,,,,,Con Daño,,,,
,,CSSSA006695,DE CONSULTA EXTERNA,TECPATAN,7,CHIAPAS,92,TECPATÁN,17.1343,-93.3105,12,20,,SI,,,,,Con Daño,,,,
,,CSSSA006765,DE CONSULTA EXTERNA,RAUDALES MALPASO,7,CHIAPAS,92,TECPATÁN,17.2177,-93.6186,1,5,,SI,,,,,Con Daño,,,,
,,CSSSA006934,DE HOSPITALIZACIÓN,H. B. C. DE TILA,7,CHIAPAS,96,TILA,17.3057,-92.4308,28,0,,SI,,DAÑOS ESTRUCTURALES MENORES EN ARCHIVO CLINICO ,,,Con Daño,,,,
,,CSSSA006951,DE CONSULTA EXTERNA,ÁLVARO OBREGÓN,7,CHIAPAS,96,TILA,17.4447,-92.5471,0,0,,SI,,,,,Con Daño,,,,
,,CSSSA007074,DE HOSPITALIZACIÓN,HOSPITAL GENERAL DR. JUAN C. CORZO TONALÁ,7,CHIAPAS,97,TONALÁ,16.089905,-93.744865,21,0,,SI,,"FISURAS EN MUROS DE UCIN, ESTACIONAMIENTO DE URGENCIAS Y BAÑO DE PEDIATRIA ",,,Con Daño,,,,
,,CSSSA007091,DE CONSULTA EXTERNA,PUERTO ARISTA,7,CHIAPAS,97,TONALÁ,15.9338,-93.8106,0,0,,SI,,,,,Con Daño,,,,
,,CSSSA007115,DE CONSULTA EXTERNA,CABEZA DE TORO,7,CHIAPAS,97,TONALÁ,15.9344,-93.7796,0,0,,SI,,,,,Con Daño,,,,
,,CSSSA007173,DE CONSULTA EXTERNA,BAHÍA DE PAREDÓN,7,CHIAPAS,97,TONALÁ,16.0496,-93.867,0,0,,SI,,,,,Con Daño,,,,
,,CSSSA007185,DE CONSULTA EXTERNA,PUEBLO NUEVO,7,CHIAPAS,97,TONALÁ,15.8522,-93.6546,0,0,,SI,,,,,Con Daño,,,,
,,CSSSA007260,DE CONSULTA EXTERNA,TOTOLAPA,7,CHIAPAS,98,TOTOLAPA,16.5429,-92.6743,0,2,,SI,,,,,Con Daño,,,,
,,CSSSA007284,DE CONSULTA EXTERNA,LA TRINITARIA,7,CHIAPAS,99,LA TRINITARIA,16.1324,-92.0476,0,5,,SI,,"DESPRENDIMIENTO DE PLAFONES Y APLANADOS, DAÑOS EN JUNTAS CONSTRUCTIVAS ",,,Con Daño,,,,
,,CSSSA007540,DE HOSPITALIZACIÓN,HOSPITAL REGIONAL DR. RAFAEL PASCASIO GAMBOA TUXTLA,7,CHIAPAS,101,TUXTLA GUTIÉRREZ,16.745881,-93.11693,145,0,,SI,,DAÑOS EN LAS JUNTAS CONSTRUCTIVAS EN DIFERENTAS ÁREAS Y DAÑOS EN APLANADOS,,,Con Daño,,,,
,,CSSSA007576,DE CONSULTA EXTERNA,TUXTLA (COL. SANTA CRUZ),7,CHIAPAS,101,TUXTLA GUTIÉRREZ,16.7845,-93.1091,0,1,,SI,,DAÑOS EN LAS JUNSTAS CONSTUCTIVAS EN BODEGA Y BAÑOS PUBLICOS,,,Con Daño,,,,
,,CSSSA007581,DE CONSULTA EXTERNA,BIENESTAR SOCIAL,7,CHIAPAS,101,TUXTLA GUTIÉRREZ,16.7449,-93.0907,0,1,,SI,,"DAÑO EN MUROS Y ACABADOS, ",,,Con Daño,,,,
,,CSSSA007593,DE CONSULTA EXTERNA,PLAN DE AYALA,7,CHIAPAS,101,TUXTLA GUTIÉRREZ,16.7643,-93.1837,0,3,,SI,,ALGUNAS FISURAS EN JUNTAS CONSTRUCTIVAS,,,Con Daño,,,,
,,CSSSA007605,DE CONSULTA EXTERNA,ALBANIA (EL VALLE),7,CHIAPAS,101,TUXTLA GUTIÉRREZ,16.7728,-93.102,0,1,,SI,,FISURAS EN ALGUNOS MUROS Y CAIDA DE PLAFONES,,,Con Daño,,,,
,,CSSSA007610,DE CONSULTA EXTERNA,PATRIA NUEVA,7,CHIAPAS,101,TUXTLA GUTIÉRREZ,16.7637,-93.0731,0,2,,SI,,CAIDA DE PLAFONES Y FISURAS EN DIFERENTES PAREDES DE LA UNIDAD MEDICA,,,Con Daño,,,,
,,CSSSA007622,DE CONSULTA EXTERNA,TERAN,7,CHIAPAS,101,TUXTLA GUTIÉRREZ,16.753,-93.1663,0,4,,SI,,FISURAS EN EL AREA DE GOBIERNO Y SALA DE ESPERA,,,Con Daño,,,,
,,CSSSA007634,DE CONSULTA EXTERNA,TUXTLA GUTIÉRREZ,7,CHIAPAS,101,TUXTLA GUTIÉRREZ,16.7452,-93.1164,0,17,,SI,,"CAIDA DE PLAFONES, FILTRACIONES, DAÑO DE CABADOS Y APLANADOS",,,Con Daño,,,,
,,CSSSA007646,DE CONSULTA EXTERNA,COPOYA,7,CHIAPAS,101,TUXTLA GUTIÉRREZ,16.71,-93.1227,0,3,,SI,,DAÑOS EN JUNTAS CONSTRUCTUVAS,,,Con Daño,,,,
,,CSSSA007651,DE CONSULTA EXTERNA,EL JOBO,7,CHIAPAS,101,TUXTLA GUTIÉRREZ,16.7049,-93.108,0,1,,SI,,DAÑO EN JUNTAS CONSTRUCTIVAS Y CAIDA DE PLAFONES,,,Con Daño,,,,
,,CSSSA007844,DE CONSULTA EXTERNA,VENUSTIANO CARRANZA,7,CHIAPAS,106,VENUSTIANO CARRANZA,16.3397,-92.5648,0,4,,SI,,,,,Con Daño,,,,
,,CSSSA007902,DE CONSULTA EXTERNA,LAJA TENDIDA,7,CHIAPAS,106,VENUSTIANO CARRANZA,16.3117,-92.5485,0,1,,SI,,,,,Con Daño,,,,
,,CSSSA007914,DE CONSULTA EXTERNA,PARAÍSO DEL GRIJALVA,7,CHIAPAS,106,VENUSTIANO CARRANZA,16.2236,-92.6428,0,1,,SI,,,,,Con Daño,,,,
,,CSSSA007931,DE CONSULTA EXTERNA,VILLACORZO,7,CHIAPAS,107,VILLA CORZO,16.1863,-93.2712,0,0,,SI,,,,,Con Daño,,,,
,,CSSSA007943,DE CONSULTA EXTERNA,SN. PEDRO BUENAVISTA,7,CHIAPAS,107,VILLA CORZO,16.1411,-93.1693,0,0,,SI,,,,,Con Daño,,,,
,,CSSSA007960,DE CONSULTA EXTERNA,EL PARRAL,7,CHIAPAS,107,VILLA CORZO,16.3658,-93.0089,0,2,,SI,,,,,Con Daño,,,,
,,CSSSA008124,DE CONSULTA EXTERNA,VILLAFLORES,7,CHIAPAS,108,VILLAFLORES,16.2323,-93.267,0,0,,SI,,,,,Con Daño,,,,
,,CSSSA008136,DE CONSULTA EXTERNA,CALZADA LARGA,7,CHIAPAS,108,VILLAFLORES,16.3478,-93.3139,0,0,,SI,,,,,Con Daño,,,,
,,CSSSA008141,DE CONSULTA EXTERNA,CRISTÓBAL OBREGÓN,7,CHIAPAS,108,VILLAFLORES,16.4296,-93.4486,0,0,,SI,,,,,Con Daño,,,,
,,CSSSA008165,DE CONSULTA EXTERNA,JESÚS MA. GARZA,7,CHIAPAS,108,VILLAFLORES,16.3944,-93.2925,0,0,,SI,,,,,Con Daño,,,,
,,CSSSA008264,DE HOSPITALIZACIÓN,HOSPITAL GENERAL YAJALÓN,7,CHIAPAS,109,YAJALÓN,17.171083,-92.335918,34,0,,SI,,"ALGUNAS GRIETAS EN PAREDES EN ÁREAS DE SALA DE JUNTAS, HOSPITALIZACIÓN, BANCO DE SANGRE, C.E.y E.; Y CAIDA DE PLAFONES ",,,Con Daño,,,,
,,CSSSA008375,DE CONSULTA EXTERNA,CHIQUINIVALVO,7,CHIAPAS,111,ZINACANTÁN,16.7074,-92.8509,0,0,,SI,,,,,Con Daño,,,,
,,CSSSA008380,DE CONSULTA EXTERNA,NACHING,7,CHIAPAS,111,ZINACANTÁN,16.7319,-92.7234,0,0,,SI,,,,,Con Daño,,,,
,,CSSSA008672,DE CONSULTA EXTERNA,PEDREGAL SAN ÁNGEL,7,CHIAPAS,27,CHIAPA DE CORZO,16.743,-93.045,0,1,,SI,,,,,Con Daño,,,,
,,CSSSA008870,DE CONSULTA EXTERNA,SAN QUINTÍN,7,CHIAPAS,59,OCOSINGO,16.404,-91.3504,6,6,,SI,,,,,Con Daño,,,,
,,CSSSA009174,DE CONSULTA EXTERNA,CENTRO DE SALUD URBANO DE TONALÁ,7,CHIAPAS,97,TONALÁ,16.09191079,-93.76903217,0,0,,SI,,"DAÑOS MENORES EN JUNTAS CONSTRUCTIVAS, APLANADOS, DESPRENDIMIENTO DE PLAFONES, MICAS DE LAMPARAS Y DAÑOS DE CONDUCTOS DE AGUA EN AIRES ACONDICIONADOS ",,,Con Daño,,,,
,,CSSSA012985,DE CONSULTA EXTERNA,CENTRO DE SALUD VILLA HERMOSA,7,CHIAPAS,57,MOTOZINTLA,151743,-922036,0,0,,SI,,DAÑOS MINIMOS EN JUNTAS CONSTRUCTIVAS Y ACABADOS ,,,Con Daño,,,,
,,CSSSA012994,DE CONSULTA EXTERNA,CENTRO DE SALUD SAN CRISTOBAL DE LAS CASAS,7,CHIAPAS,78,SAN CRISTÓBAL DE LAS CASAS,16.7527,-92.6561,0,0,,SI,,,,,Con Daño,,,,
,,CSSSA013105,DE CONSULTA EXTERNA,CENTRO DE SALUD RURAL RANCHERIA EL CONGRESO,7,CHIAPAS,97,TONALÁ,16.050698,-93.790625,0,0,,SI,,,,,Con Daño,,,,
,,CSSSA017171,DE CONSULTA EXTERNA,MIGUEL ALEMÁN,7,CHIAPAS,87,SUCHIATE,14.5589,-92.216,0,2,,SI,,DAÑOS EN JUNTAS CONSTRUCTIVAS Y PISOS ,,,Con Daño,,,,
,,CSSSA017196,DE APOYO,LABORATORIO ESTATAL DE SALUD PÚBLICA,7,CHIAPAS,101,TUXTLA GUTIÉRREZ,16.7576,-93.0846,0,0,,SI,,DAÑOS EN JUNTAS CONSTRUCTIVAS Y CAIDA DE PLAFONES,,,Con Daño,,,,
,,CSSSA017504,DE HOSPITALIZACIÓN,H. B. C. DEL PORVENIR,7,CHIAPAS,70,EL PORVENIR,15.453841,-92.276784,13,0,,SI,,DAÑOS MENORES EN JUNTAS CONSTRUCTIVAS ,,,Con Daño,,,,
,,CSSSA017516,DE HOSPITALIZACIÓN,H. B. C. DE REVOLUCIÓN MEXICANA,7,CHIAPAS,107,VILLA CORZO,16.166713,-93.079977,23,0,,SI,,"DAÑO MENORES EN JUNTAS CONSTRUCTIVAS, CAIDA DE APLANADOS Y LEVANTAMIENTO DE PISOS. ",,,Con Daño,,,,
,,CSSSA017521,DE HOSPITALIZACIÓN,H. B. C.  DE TAPILULA,7,CHIAPAS,91,TAPILULA,17.255878,-93.017017,13,0,,SI,,DAÑOS MENORES EN ACABADOS DE LA UNIDAD MEDICA ,,,Con Daño,,,,
,,CSSSA017702,DE CONSULTA EXTERNA,NUEVO HUIXTÁN,7,CHIAPAS,52,LAS MARGARITAS,16.1241,-91.3878,5,2,,SI,,"CAIDA DE PLAFONES, UNA LAMPARA Y FISURAS EN MUROS DIVISORIOS ",,,Con Daño,,,,
,,CSSSA017726,DE HOSPITALIZACIÓN,H. B. C. DE LARRAINZAR,7,CHIAPAS,49,LARRÁINZAR,16.87907163,-92.71487891,19,0,,SI,,"FISURAS EN JUNTAS CONSTRUCTIVAS, DAÑOS MENORES EN ACABADOS Y MUROS DIVISORES, SIN DAÑOS ESTRUCTURALES ",,,Con Daño,,,,
,,CSSSA017731,DE HOSPITALIZACIÓN,H. B. C. DE SANTO DOMINGO,7,CHIAPAS,59,OCOSINGO,17.0232,-91.4195,21,0,,SI,,DAÑO EN JUNTAS CONSTRUCTIVAS Y DESPRENDIMIENTO DE APLANADOS EN DIFERENTES ÁREAS ,,,Con Daño,,,,
,,CSSSA017801,DE CONSULTA EXTERNA,ZINACANTÁN,7,CHIAPAS,111,ZINACANTÁN,16.7597,-92.7222,0,6,,SI,,,,,Con Daño,,,,
,,CSSSA017900,DE CONSULTA EXTERNA,CENTRO DE SALUD MUNICIPAL IXTAPANGAJOYA,7,CHIAPAS,45,IXTAPANGAJOYA,17.4958,-93.0022,0,1,,SI,,CAIDA DE PLAFONES Y FISURAS EN DIFERENTES PAREDES DE LA UNIDAD MEDICA ,,,Con Daño,,,,
,,CSSSA017924,DE CONSULTA EXTERNA,SITALÁ,7,CHIAPAS,82,SITALÁ,17.0242,-92.3078,2,8,,SI,,,,,Con Daño,,,,
,,CSSSA018093,DE CONSULTA EXTERNA,NUEVO JUAN DEL GRIJALVA,7,CHIAPAS,62,OSTUACÁN,17.4272,-93.3722,0,4,,SI,,DAÑOS EN LAS JUNTAS CONSTRUCTIVAS EN ALGUNAS ÁREAS ,,,Con Daño,,,,
,,CSSSA018414,DE CONSULTA EXTERNA,LAS MARGARITAS,7,CHIAPAS,52,LAS MARGARITAS,16.3181,-91.9835,0,1,,SI,,ALGUNAS FISURAS EN MUROS ,,,Con Daño,,,,
,,CSSSA018431,DE CONSULTA EXTERNA,CESSA SAN LUCAS,7,CHIAPAS,110,SAN LUCAS,16.6141,-92.718,4,6,,SI,,,,,Con Daño,,,,
,,CSSSA018571,DE CONSULTA EXTERNA,CENTRO DE SALUD MICROREGIONAL SAN GABRIEL,7,CHIAPAS,31,CHILÓN,17.0503,-91.9836,0,1,,SI,,,,,Con Daño,,,,
,,CSSSA018583,DE CONSULTA EXTERNA,BELISARIO DOMÍNGUEZ,7,CHIAPAS,57,MOTOZINTLA,15.301,-92.3766,0,4,,SI,,,,,Con Daño,,,,
,,CSSSA018740,DE HOSPITALIZACIÓN,H. B. C.  DR. RAFAEL ALFARO GONZÁLEZ PIJIJIAPAN,7,CHIAPAS,69,PIJIJIAPAN,15.671412,-93.211771,13,0,,SI,,"DAÑOS DE APLANADOS DE LAS JUNTAS CONSTRUCTIVAS EN MUROS, PETRILES Y PLAFONES DESPRENDIDOS ",,,Con Daño,,,,
,,CSSSA018752,DE HOSPITALIZACIÓN,H. B. C. DE TEOPISCA,7,CHIAPAS,94,TEOPISCA,16.554808,-92.475661,8,0,,SI,,"DAÑO MENORES EN JUNTAS CONSTRUCTIVAS, CAIDA DE APLANADOS Y LEVANTAMIENTO DE PISOS. ",,,Con Daño,,,,
,,CSSSA018764,DE HOSPITALIZACIÓN,HOSPITAL DE LAS CULTURAS SAN CRISTOBAL DE LAS CASAS,7,CHIAPAS,78,SAN CRISTÓBAL DE LAS CASAS,16.723703,-92.652269,62,0,,SI,,DAÑOS MENORES EN JUNTAS CONSTRUCTIVAS ,,,Con Daño,,,,
,,CSSSA018776,DE HOSPITALIZACIÓN,HOSPITAL DE LA MUJER COMITÁN,7,CHIAPAS,19,COMITÁN DE DOMÍNGUEZ,16.207545,-92.106986,60,0,,SI,,DAÑOS MENORES EN ACABADOS DE LA UNIDAD MEDICA ,,,Con Daño,,,,
,,CSSSA018781,DE HOSPITALIZACIÓN,H. B. C. DE FRONTERA COMALAPA,7,CHIAPAS,34,FRONTERA COMALAPA,15.656351,-92.143103,19,0,,SI,,"DAÑO MENORES EN JUNTAS CONSTRUCTIVAS, CAIDA DE APLANADOS Y LEVANTAMIENTO DE PISOS. ",,,Con Daño,,,,
,,CSSSA018793,DE HOSPITALIZACIÓN,H. B. C. DE CHALCHIHUITÁN,7,CHIAPAS,22,CHALCHIHUITÁN,16.95788832,-92.61990775,11,0,,SI,,DAÑOS MENORES EN ACABADOS DE LA UNIDAD MEDICA ,,,Con Daño,,,,
,,CSSSA018810,DE APOYO,BANCO DE SANGRE  DR. DOMINGO CHANONA RODRÍGUEZ,7,CHIAPAS,101,TUXTLA GUTIÉRREZ,16.7683,-93.0989,0,0,,SI,,DESPRENDIMIENTO DE PLAFONES Y APLANADOS,,,Con Daño,,,,
,,CSSSA018875,DE HOSPITALIZACIÓN,HOSPITAL GENERAL BICENTENARIO VILLAFLORES,7,CHIAPAS,108,VILLAFLORES,16.258402,-93.265141,61,0,,SI,,"FISURAS EN JUNTAS CONSTRUCTIVAS, DAÑOS MENORES EN ACABADOS Y MUROS DIVISORES, SIN DAÑOS ESTRUCTURALES ",,,Con Daño,,,,
,,CSSSA018933,DE CONSULTA EXTERNA,MACVILHO,7,CHIAPAS,23,CHAMULA,16.8573,-92.6941,0,0,,SI,,,,,Con Daño,,,,
,,CSSSA018950,DE CONSULTA EXTERNA,CHILIMJOVELTIC,7,CHIAPAS,23,CHAMULA,16.7882,-92.5856,0,0,,SI,,,,,Con Daño,,,,
,,CSSSA019102,DE CONSULTA EXTERNA,CLÍNICA DE LA MUJER PICHUCALCO,7,CHIAPAS,68,PICHUCALCO,17.517,-93.1154,0,0,,SI,,DAÑOS MENORES EN ACABADOS DE LA UNIDAD MEDICA ,,,FUERA DE OPERACIÓN (TOTAL O PARCIAL),,,,
,,CSSSA019160,DE CONSULTA EXTERNA,TONALÁ (UNEME CAPA),7,CHIAPAS,97,TONALÁ,16.0901,-93.7712,0,0,,SI,,DAÑOS MENORES EN ACABADOS DE LA UNIDAD MEDICA ,,,Con Daño,,,,
,,CSSSA019196,DE CONSULTA EXTERNA,CENTRO DE SALUD MICROREGIONAL PASHTONTICJA,7,CHIAPAS,64,OXCHUC,16.7716,-92.2802,0,0,,SI,,,,,Con Daño,,,,
,,CSSSA019225,DE CONSULTA EXTERNA,CENTRO DE SALUD MICROREGIONAL CHIXILTÓN,7,CHIAPAS,26,CHENALHÓ,16.9219,-92.6171,0,0,,SI,,,,,Con Daño,,,,
,,CSSSA019230,DE CONSULTA EXTERNA,CENTRO DE SALUD MICROREGIONAL NUEVA MORELIA,7,CHIAPAS,6,AMATENANGO DE LA FRONTERA,15.6181,-92.1461,0,0,,SI,,,,,Con Daño,,,,
,,CSSSA019242,DE HOSPITALIZACIÓN,H. B. C. DE OSTUACÁN,7,CHIAPAS,62,OSTUACÁN,17.407516,-93.335205,12,0,,SI,,DAÑOS SUPERFICIALES EN JUNTAS CONSTRUCTIVAS Y APLANADOS. ,,,Con Daño,,,,
,,CSSSA019254,DE CONSULTA EXTERNA,CENTRO DE SALUD MICROREGIONAL YASHNAIL,7,CHIAPAS,112,SAN JUAN CANCUC,16.8617,-92.3931,0,0,,SI,,,,,Con Daño,,,,
,,CSSSA019266,DE CONSULTA EXTERNA,CENTRO DE SALUD MICROREGIONAL BAPUZ,7,CHIAPAS,112,SAN JUAN CANCUC,16.942,-92.3824,0,0,,SI,,,,,Con Daño,,,,
,,CSSSA019300,DE CONSULTA EXTERNA,CENTRO DE SALUD MICROREGIONAL SAN ANDRES PUERTO RICO,7,CHIAPAS,38,HUIXTÁN,16.6989,-92.4027,0,0,,SI,,,,,Con Daño,,,,
,,CSSSA019312,DE CONSULTA EXTERNA,CENTRO DE SALUD MICROREGIONAL SANTA ROSA,7,CHIAPAS,38,HUIXTÁN,16.6915,-92.3157,0,0,,SI,,,,,Con Daño,,,,
,,CSSSA019365,DE CONSULTA EXTERNA,CENTRO DE SALUD MICROREGIONAL CHULNA,7,CHIAPAS,64,OXCHUC,16.7851,-92.1798,0,0,,SI,,,,,Con Daño,,,,
,,CSSSA019370,DE CONSULTA EXTERNA,CENTRO DE SALUD MICROREGIONAL TZOPILJA,7,CHIAPAS,64,OXCHUC,16.741,-92.3084,0,0,,SI,,,,,Con Daño,,,,
,,CSSSA019406,DE CONSULTA EXTERNA,CENTRO DE SALUD MICROREGIONAL JOLBON,7,CHIAPAS,23,CHAMULA,16.8263,-92.6315,0,0,,SI,,,,,Con Daño,,,,
,,CSSSA019452,DE CONSULTA EXTERNA,CENTRO DE SALUD MICROREGIONAL TOLBILJA,7,CHIAPAS,64,OXCHUC,16.8421,-92.2905,0,0,,SI,,,,,Con Daño,,,,
,,CSSSA019481,DE HOSPITALIZACIÓN,H. B. C. DE SAN JUAN CHAMULA,7,CHIAPAS,23,CHAMULA,16.782468,-92.69619,10,0,,SI,,DAÑO EN JUNTAS CONSTRUCTIVAS Y DESPRENDIMIENTO DE APLANADOS EN DIFERENTES ÁREAS ,,,Con Daño,,,,
,,CSSSA019645,DE HOSPITALIZACIÓN,H. B. C. DE OCOSINGO,7,CHIAPAS,59,OCOSINGO,16.896898,-92.062944,20,0,,SI,,DAÑOS SUPERFICIALES EN JUNTAS CONSTRUCTIVAS Y APLANADOS. ,,,Con Daño,,,,
,,CSSSA019930,DE CONSULTA EXTERNA,CENTRO DE SALUD MICROREGIONAL LAS MARAVILLAS,7,CHIAPAS,12,BERRIOZÁBAL,16.9588,-93.3201,0,1,,SI,,,,,Con Daño,,,,
,,CSSSA019954,DE HOSPITALIZACIÓN,HOSPITAL CHIAPAS NOS UNE DR. JESUS GILBERTO GOMEZ MAZA,7,CHIAPAS,101,TUXTLA GUTIÉRREZ,16.7487,-93.07304,180,0,,SI,,DESPRENDIMIENTO DE ABRAZADERAS EN TUBERIAS DEL DRENAJE PLUVIAL LO QUE PROVOCO FILTRACIONES Y PLAFONES CAIDOS.,,,Con Daño,,,,
,,CSSSA020094,DE CONSULTA EXTERNA,CENTRO DE SALUD MICROREGIONAL CRUSILJÁ,7,CHIAPAS,112,SAN JUAN CANCUC,0,0,0,0,,SI,,,,,Con Daño,,,,
,,CSSSA020123,DE CONSULTA EXTERNA,CENTRO DE SALUD MICROREGIONAL JOLXIC,7,CHIAPAS,26,CHENALHÓ,0,0,0,0,,SI,,,,,Con Daño,,,,
,,GRSSA000302,DE CONSULTA EXTERNA,U-03 COL. ZAPATA II,12,GUERRERO,1,ACAPULCO DE JUÁREZ,16.9029,-99.8364,0,1,,SI,,C. S. Zapata 2 Grietas en columnas y paredes,,,Con Daño,,,,
,,GRSSA000343,DE CONSULTA EXTERNA,U-04 COL.E.ZAPATA I,12,GUERRERO,1,ACAPULCO DE JUÁREZ,16.9017,-99.8376,0,1,,SI,,C. S. Zapata 1 Grietas en paredes y techo,,,Con Daño,,,,
,,GRSSA000360,DE CONSULTA EXTERNA,U-06 COL. SIMON BOLIVAR,12,GUERRERO,1,ACAPULCO DE JUÁREZ,16.9046,-99.8509,0,1,,SI,,C. S. Simón Bolívar Grietas en la mayor parte de la infraestructura.,,,Con Daño,,,,
,,GRSSA000372,DE CONSULTA EXTERNA,R-01 AGUACALIENTE,12,GUERRERO,1,ACAPULCO DE JUÁREZ,16.8425,-99.6406,0,1,,SI,,C. S. Agua CalienteCon grietas,,,Con Daño,,,,
,,GRSSA000425,DE CONSULTA EXTERNA,R-01 BARRÍO NUEVO DE LOS MUERTOS,12,GUERRERO,1,ACAPULCO DE JUÁREZ,16.8928,-99.5439,0,1,,SI,,C. S. Barrio Nuevo de los MuertosCon grietas,,,Con Daño,,,,
,,GRSSA000430,DE CONSULTA EXTERNA,R-01 BEJUCO EL,12,GUERRERO,1,ACAPULCO DE JUÁREZ,16.8243,-99.7051,0,1,,SI,,C. S. El Bejuco Con grietas,,,Con Daño,,,,
,,GRSSA000442,DE CONSULTA EXTERNA,R-01 CACAHUATEPEC,12,GUERRERO,1,ACAPULCO DE JUÁREZ,16.8864,-99.6119,0,0,,SI,,C. S. San Pedro CacahuatepecGrietas en el área de curaciones ,,,Con Daño,,,,
,,GRSSA000454,DE CONSULTA EXTERNA,R-01 CAMPANARÍO EL,12,GUERRERO,1,ACAPULCO DE JUÁREZ,16.835,-99.5714,0,1,,SI,,C. S. CampanarioCon grietas,,,Con Daño,,,,
,,GRSSA000512,DE CONSULTA EXTERNA,R-01 HUAMUCHITOS,12,GUERRERO,1,ACAPULCO DE JUÁREZ,16.8942,-99.5794,0,1,,SI,,C. S. HuamuchitosCon grietas,,,Con Daño,,,,
,,GRSSA000524,DE CONSULTA EXTERNA,R-02 KILOMETRO 30,12,GUERRERO,1,ACAPULCO DE JUÁREZ,16.8817,-99.8984,0,2,,SI,,C. S. kilómetro 30 grietas,,,Con Daño,,,,
,,GRSSA000611,DE CONSULTA EXTERNA,R-01 SAN ISIDRO GALLINERO,12,GUERRERO,1,ACAPULCO DE JUÁREZ,16.8814,-99.7142,0,1,,SI,,C. S. San Isidro GallineroPequeñas grietas,,,Con Daño,,,,
,,GRSSA000664,DE CONSULTA EXTERNA,R-02 XALTIANGUIS,12,GUERRERO,1,ACAPULCO DE JUÁREZ,17.0961,-99.7141,0,2,,SI,,"C. S. XaltianguisGrietas en paredes de sala de espera,",,,Con Daño,,,,
,,GRSSA001562,DE CONSULTA EXTERNA,R-03 ATOYAC DE ALVAREZ,12,GUERRERO,11,ATOYAC DE ÁLVAREZ,17.2076,-100.432,0,2,,SI,,C. S. AtoyacGrietas en muros divisorios,,,Con Daño,,,,
,,GRSSA001825,DE CONSULTA EXTERNA,AYUTLA,12,GUERRERO,12,AYUTLA DE LOS LIBRES,16.9645,-99.1007,0,1,,SI,,C. S. AyutlaGrietas en aplanados y muros,,,Con Daño,,,,
,,GRSSA002040,DE CONSULTA EXTERNA,R-02 JUCHITAN,12,GUERRERO,80,JUCHITÁN,16.6227,-98.6452,0,1,,SI,,"C. S. JuchitanGrieta en junta fría, unión de losas",,,Con Daño,,,,
,,GRSSA002052,DE CONSULTA EXTERNA,R-01 MARQUELIA,12,GUERRERO,77,MARQUELIA,16.5823,-98.8095,0,1,,SI,,C. S. Marquelia Grieta en muro de techo comunitario,,,Con Daño,,,,
,,GRSSA002426,DE CONSULTA EXTERNA,R-02 COPALILLO,12,GUERRERO,19,COPALILLO,18.0353,-99.0409,0,1,,SI,,C. S. Copalillo Con grietas,,,Con Daño,,,,
,,GRSSA003423,DE HOSPITALIZACIÓN,HG CHILAPA DE ALVAREZ,12,GUERRERO,28,CHILAPA DE ÁLVAREZ,17.5925,-99.1803,29,20,,SI,,H. Gral. ChilapaDesprendimiento de aplanados,,,Con Daño,,,,
,,GRSSA003481,DE CONSULTA EXTERNA,R-02 ATZACOALOYA,12,GUERRERO,28,CHILAPA DE ÁLVAREZ,17.5468,-99.1379,0,2,,SI,,C. S. AtzacualoyaGrietas en muros,,,Con Daño,,,,
,,GRSSA003493,DE CONSULTA EXTERNA,R-01 AYAHUALULCO,12,GUERRERO,28,CHILAPA DE ÁLVAREZ,17.5021,-99.1828,0,1,,SI,,C. S. AyahualulcoFisuras en paredes de la unidad,,,Con Daño,,,,
,,GRSSA003720,DE CONSULTA EXTERNA,U-02 GUERRERO 200,12,GUERRERO,29,CHILPANCINGO DE LOS BRAVO,17.5306,-99.4862,0,1,,SI,,"C. S. Col. Guerrero 200Fisuras de muros y columnas, área de vacuna, fisuras en el muro de carga de la trabaje del muro de vacunas",,,Con Daño,,,,
,,GRSSA003732,DE CONSULTA EXTERNA,U-02 COL. LAS PALMAS,12,GUERRERO,29,CHILPANCINGO DE LOS BRAVO,17.5437,-99.5158,0,1,,SI,,C. S. Col. Las PalmasGrieta en piso de la entrada,,,Con Daño,,,,
,,GRSSA003744,DE CONSULTA EXTERNA,U-03 COL.BELLA VISTA,12,GUERRERO,29,CHILPANCINGO DE LOS BRAVO,17.5534,-99.5129,0,1,,SI,,C. S. Col. Bellavista2 fisuras en paredes,,,Con Daño,,,,
,,GRSSA003756,DE CONSULTA EXTERNA,U-03 COL.CNOP,12,GUERRERO,29,CHILPANCINGO DE LOS BRAVO,17.5632,-99.4998,0,3,,SI,,"C. S. Col. CNOPFisuras en paredes del consultorio dental, consultorio médico, riesgo de caerse un árbol",,,Con Daño,,,,
,,GRSSA003761,DE CONSULTA EXTERNA,U-03 COL.SAN MIGUELITO,12,GUERRERO,29,CHILPANCINGO DE LOS BRAVO,17.5509,-99.4936,0,1,,SI,,"C. S. Col. San MiguelitoFisuras en losa de sala de espera, en muros de consultorios médicos, dental, salud mental, depósito RPBI, promoción e inmunizaciones",,,Con Daño,,,,
,,GRSSA003773,DE CONSULTA EXTERNA,U-03 COL. DEL P.R.I.,12,GUERRERO,29,CHILPANCINGO DE LOS BRAVO,17.5413,-99.504,0,1,,SI,,"C. S. Col. del PriFisuras en una pared externa que colinda con la cancha, fisura de aplanados en paredees, un vidrio roto en farmacia",,,Con Daño,,,,
,,GRSSA003802,DE CONSULTA EXTERNA,U-04 COL.INDECO,12,GUERRERO,29,CHILPANCINGO DE LOS BRAVO,17.5498,-99.4883,0,1,,SI,,"C. S. Col. IndecoFisuras de inmunizaciones, curaciones, baño mujeres, dirección y muro perimetral posterior",,,Con Daño,,,,
,,GRSSA003884,DE CONSULTA EXTERNA,R-02 MAZATLAN,12,GUERRERO,29,CHILPANCINGO DE LOS BRAVO,17.4359,-99.4683,0,3,,SI,,C. S. MazatlanCon fisuras en aplanados,,,Con Daño,,,,
,,GRSSA004065,DE HOSPITALIZACIÓN,HOSPITAL BÁSICO COMUNITARIO TLACOTEPEC,12,GUERRERO,32,GENERAL HELIODORO CASTILLO,17.786453,-99.97987,12,2,,SI,,H. C. TlacotepecGrietas acrecentadas por el sismo,,,Con Daño,,,,
,,GRSSA004350,DE HOSPITALIZACIÓN,HOSPITAL GENERAL DE HUITZUCO,12,GUERRERO,34,HUITZUCO DE LOS FIGUEROA,18.29672271,-99.33074289,31,0,,SI,,H. Gral. HuitzucoFisuras en muros,,,Con Daño,,,,
,,GRSSA004490,DE HOSPITALIZACIÓN,DR. JORGE SOBERON ACEVEDO,12,GUERRERO,35,IGUALA DE LA INDEPENDENCIA,18.3449,-99.524,90,20,,SI,,H. Gral. IgualaGrietas menores,,,Con Daño,,,,
,,GRSSA004642,DE CONSULTA EXTERNA,R-01 IGUALAPA,12,GUERRERO,36,IGUALAPA,16.7448,-98.4765,0,1,,SI,,C. S. IgualapaFisuras en fachada principal,,,Con Daño,,,,
,,GRSSA005301,DE CONSULTA EXTERNA,R-02 APANGO,12,GUERRERO,42,MÁRTIR DE CUILAPAN,17.7427,-99.3249,0,6,,SI,,C. S. de ApangoFisuras en columnas,,,Con Daño,,,,
,,GRSSA005622,DE CONSULTA EXTERNA,R-03 MOCHITLAN,12,GUERRERO,44,MOCHITLÁN,17.4723,-99.3658,0,3,,SI,,C. S. MochitlanFisuras en paredes,,,Con Daño,,,,
,,GRSSA005651,DE HOSPITALIZACIÓN,HOSPITAL BÁSICO COMUNITARIO OLINALA,12,GUERRERO,45,OLINALÁ,17.778516,-98.742925,2,4,,SI,,H. C. OlinalaDesprendimiento de losetas,,,Con Daño,,,,
,,GRSSA006206,DE HOSPITALIZACIÓN,HOSPITAL BÁSICO COMUNITARIO QUECHULTENANGO,12,GUERRERO,51,QUECHULTENANGO,17.41399759,-99.24521964,12,6,,SI,,H. C. QuechultenangoGrietas en pisosy fisuras en la fachada principal,,,Con Daño,,,,
,,GRSSA006281,DE CONSULTA EXTERNA,R-01 SANTA CRUZ,12,GUERRERO,51,QUECHULTENANGO,17.3134,-99.2621,0,1,,SI,,C. S. Santa CruzFisuras en paredes,,,Con Daño,,,,
,,GRSSA006322,DE HOSPITALIZACIÓN,HOSPITAL BÁSICO COMUNITARIO SAN LUIS ACATLÁN,12,GUERRERO,52,SAN LUIS ACATLÁN,16.8085297,-98.73833468,12,0,,SI,,H. C. San Luis AcatlánFisuras en aplanado de muros y en juntas constructivas,,,Con Daño,,,,
,,GRSSA006416,DE CONSULTA EXTERNA,R-01 TLAXCALISTLÁHUACA,12,GUERRERO,52,SAN LUIS ACATLÁN,16.9818,-98.7777,0,1,,SI,,C. S. TlaxcalixtlahuacaDesprendimiento de aplanado en losa,,,Con Daño,,,,
,,GRSSA006445,DE CONSULTA EXTERNA,R-02 SAN MARCOS,12,GUERRERO,53,SAN MARCOS,16.7936,-99.3858,0,1,,SI,,"H. C. San Marcos Grietas en muros en consulta externa, gobierno y hospitalización",,,Con Daño,,,,
,,GRSSA006462,DE CONSULTA EXTERNA,R-01 ALTO VENTURA,12,GUERRERO,53,SAN MARCOS,16.714,-99.2576,0,1,,SI,,C. S. Alto VenturaGrietas en aplanados,,,Con Daño,,,,
,,GRSSA006486,DE CONSULTA EXTERNA,R-01 LAS CRUCES,12,GUERRERO,53,SAN MARCOS,16.974,-99.4432,0,1,,SI,,C. S. Las CrucesGrietas en aplanados,,,Con Daño,,,,
,,GRSSA007075,DE CONSULTA EXTERNA,R-01 PAROTA SECA,12,GUERRERO,56,TECOANAPA,16.9414,-99.2577,0,1,,SI,,C. S. Parota SecaGrietas en aplanados de azotea,,,Con Daño,,,,
,,GRSSA007623,DE CONSULTA EXTERNA,R-01 SABANA GRANDE,12,GUERRERO,59,TEPECOACUILCO DE TRUJANO,18.1563,-99.5474,0,2,,SI,,C. S. Sabana GrandeFisuras en muros y en los elementos estructurales,,,Con Daño,,,,
,,GRSSA007780,DE CONSULTA EXTERNA,R-02 ATLIACA,12,GUERRERO,61,TIXTLA DE GUERRERO,17.5722,-99.398,0,1,,SI,,C. S. AtliacaBarda perimetral afectada,,,Con Daño,,,,
,,GRSSA008101,DE HOSPITALIZACIÓN,HOSPITAL DE TLAPA,12,GUERRERO,66,TLAPA DE COMONFORT,17.53996648,-98.5904199,30,0,,SI,,H. Gral. TlapaGrietas en áreas internas y en la pared externa del hospital,,,Con Daño,,,,
,,GRSSA008533,DE HOSPITALIZACIÓN,HOSPITAL BÁSICO COMUNITARIO XOCHIHUEHUETLAN,12,GUERRERO,70,XOCHIHUEHUETLÁN,17.908556,-98.48686,3,5,,SI,,H. C. XochihuehuetlanDesprendimiento de aplanados en juntas constructivas de los elementos estructurales,,,Con Daño,,,,
,,GRSSA008900,DE CONSULTA EXTERNA,R-03 ZUMPANGO ALAMEDA,12,GUERRERO,75,EDUARDO NERI,17.6551,-99.5247,0,1,,SI,,C. S. AlamedaFisuras en paredes y techos,,,Con Daño,,,,
,,GRSSA009624,DE CONSULTA EXTERNA,U-01 PARAÍSO (POLIGONO D),12,GUERRERO,1,ACAPULCO DE JUÁREZ,16.8983,-99.8506,0,1,,SI,,C. S. Polígono D Grietas en columna,,,Con Daño,,,,
,,GRSSA009665,DE CONSULTA EXTERNA,R-03 PASO LIMONERO,12,GUERRERO,1,ACAPULCO DE JUÁREZ,0,0,0,1,,SI,,C. S. Paso LimoneroSe rompió la loseta y grietas en pared de consultorios,,,Con Daño,,,,
,,GRSSA009682,DE CONSULTA EXTERNA,R-02 LA SABANA,12,GUERRERO,1,ACAPULCO DE JUÁREZ,0,0,0,1,,SI,,C. S. La Sabana Grietas leve en pared perimetral,,,Con Daño,,,,
,,GRSSA009694,DE CONSULTA EXTERNA,R-02 LA VENTA,12,GUERRERO,1,ACAPULCO DE JUÁREZ,0,0,0,1,,SI,,C. S. La Venta Grietas en paredes de consultorio 1 y 3 así como grieta en farmacia,,,Con Daño,,,,
,,GRSSA009781,DE CONSULTA EXTERNA,R-01 XILOXUCHICAN,12,GUERRERO,28,CHILAPA DE ÁLVAREZ,17.4724,-99.1583,0,1,,SI,,C. S. XiloxuchicanFisuras en paredes,,,Con Daño,,,,
,,GRSSA009916,DE HOSPITALIZACIÓN,HOSPITAL DE LA MADRE Y DEL NIÑO DE TLAPA,12,GUERRERO,66,TLAPA DE COMONFORT,17.543476,-98.58937,22,0,,SI,,"HMNIG Tlapa de Comonfort16 grietas, las más marcadas son 2 de quirófano",,,Con Daño,,,,
,,GRSSA011975,DE CONSULTA EXTERNA,C.S. JAGÛEY,12,GUERRERO,28,CHILAPA DE ÁLVAREZ,17.4916,-99.1505,0,2,,SI,,C. S. El JagueyFisuras leves en paredes,,,Con Daño,,,,
,,GRSSA012424,DE HOSPITALIZACIÓN,HOSPITAL DE LA COMUNIDAD DE COYUCA DE BENITEZ,12,GUERRERO,21,COYUCA DE BENÍTEZ,16.99964995,-100.0763735,11,0,,SI,,H. C. Coyuca de BenítezFisuras en paredes del pasillo que conducen a urgencias y en parede exterior,,,Con Daño,,,,
,,GRSSA012535,DE HOSPITALIZACIÓN,HG ADOLFO PRIETO,12,GUERRERO,55,TAXCO DE ALARCÓN,18.566141,-99.60509864,76,33,,SI,,Se cayo parte del Reboque del techo en area de  adolescente. Cuarteaduras y grietas en las paredes del edificio del centro de salud de taxco,,,Con Daño,,,,
,,GRSSA012540,DE CONSULTA EXTERNA,R-01 EL EPAZOTE,12,GUERRERO,28,CHILAPA DE ÁLVAREZ,17.3683,-99.0547,0,2,,SI,,C. S. El EpazoteFisuras leves en muros,,,Con Daño,,,,
,,GRSSA012581,DE CONSULTA EXTERNA,U-02 SAN RAFAEL NORTE,12,GUERRERO,29,CHILPANCINGO DE LOS BRAVO,0,0,0,0,,SI,,C. S. Col. San Rafael NorteFisuras en muros de contención externos,,,Con Daño,,,,
,,MSSSA000022,DE CONSULTA EXTERNA,CASAHUATLÁN,17,MORELOS,1,AMACUZAC,18.5736,-99.3858,0,1,,SI,MEDIO,,,,Con Daño,,,,
,,MSSSA000034,DE CONSULTA EXTERNA,HUAJINTLÁN,17,MORELOS,1,AMACUZAC,18.6091,-99.4241,0,1,,SI,MEDIO,,,,Con Daño,,,,
,,MSSSA000046,DE CONSULTA EXTERNA,RANCHO NUEVO,17,MORELOS,1,AMACUZAC,18.5537,-99.3689,0,1,,SI,MEDIO,,,,Con Daño,,,,
,,MSSSA000080,DE HOSPITALIZACIÓN,HG DE AXOCHIAPAN DR. ÁNGEL VENTURA NERI,17,MORELOS,3,AXOCHIAPAN,18.5005,-98.7496,30,0,,SI,MEDIO,,,,Con Daño,,,,
,,MSSSA000092,DE CONSULTA EXTERNA,AXOCHIAPAN,17,MORELOS,3,AXOCHIAPAN,18.501,-98.75,0,0,,SI,MEDIO,,,,Con Daño,,,,
,,MSSSA000104,DE CONSULTA EXTERNA,ATLACAHUALOYA,17,MORELOS,3,AXOCHIAPAN,18.5399,-98.7292,0,1,,SI,MEDIO,,,,Con Daño,,,,
,,MSSSA000121,DE CONSULTA EXTERNA,MARCELINO RODRÍGUEZ,17,MORELOS,3,AXOCHIAPAN,-98.7481,18.5803,0,0,,SI,MEDIO,,,,Con Daño,,,,
,,MSSSA000162,DE CONSULTA EXTERNA,CD. AYALA,17,MORELOS,4,AYALA,18.7685,-98.9802,0,0,,SI,MEDIO,,,,Con Daño,,,,
,,MSSSA000186,DE CONSULTA EXTERNA,SAN PEDRO APATLACO,17,MORELOS,4,AYALA,18.7934,-98.965,0,0,,SI,MEDIO,,,,Con Daño,,,,
,,MSSSA000191,DE CONSULTA EXTERNA,CHINAMECA,17,MORELOS,4,AYALA,18.6223,-98.9972,0,1,,SI,MEDIO,,,,Con Daño,,,,
,,MSSSA000256,DE CONSULTA EXTERNA,TLAYECAC,17,MORELOS,4,AYALA,18.756,-98.8833,0,1,,SI,MEDIO,,,,Con Daño,,,,
,,MSSSA000261,DE CONSULTA EXTERNA,EL VERGEL,17,MORELOS,4,AYALA,18.5903,-99.0318,0,1,,SI,MAYOR,,,,Con Daño,,,,
,,MSSSA000273,DE CONSULTA EXTERNA,ANENECUILCO,17,MORELOS,4,AYALA,18.7786,-98.9816,0,1,,SI,MEDIO,,,,Con Daño,,,,
,,MSSSA000290,DE CONSULTA EXTERNA,APANZINGO,17,MORELOS,5,COATLÁN DEL RÍO,18.6788,-99.4639,0,1,,SI,MEDIO,,,,Con Daño,,,,
,,MSSSA000302,DE CONSULTA EXTERNA,COCOYOTLA,17,MORELOS,5,COATLÁN DEL RÍO,18.754,-99.4512,0,1,,SI,MEDIO,,,,Con Daño,,,,
,,MSSSA000314,DE CONSULTA EXTERNA,COLONIA MORELOS,17,MORELOS,5,COATLÁN DEL RÍO,18.7667,-99.4632,0,0,,SI,MEDIO,,,,Con Daño,,,,
,,MSSSA000326,DE CONSULTA EXTERNA,CHAVARRÍA,17,MORELOS,5,COATLÁN DEL RÍO,18.7244,-99.4635,0,1,,SI,MEDIO,,,,Con Daño,,,,
,,MSSSA000331,DE CONSULTA EXTERNA,MICHAPA,17,MORELOS,5,COATLÁN DEL RÍO,18.7005,-99.4817,0,2,,SI,MEDIO,,,,Con Daño,,,,
,,MSSSA000343,DE CONSULTA EXTERNA,TILANCINGO,17,MORELOS,5,COATLÁN DEL RÍO,18.7366,-99.454,0,1,,SI,MEDIO,,,,Con Daño,,,,
,,MSSSA000360,DE CONSULTA EXTERNA,CUAUHTÉMOC,17,MORELOS,6,CUAUTLA,18.8665,-98.9256,0,1,,SI,MEDIO,,,,Con Daño,,,,
,,MSSSA000384,DE CONSULTA EXTERNA,HERMENEGILDO GALEANA,17,MORELOS,6,CUAUTLA,18.8067,-98.9259,0,1,,SI,MEDIO,,,,Con Daño,,,,
,,MSSSA000396,DE CONSULTA EXTERNA,CUAUTLIXCO,17,MORELOS,6,CUAUTLA,18.8448,-98.9388,0,2,,SI,MEDIO,,,,Con Daño,,,,
,,MSSSA000401,DE CONSULTA EXTERNA,CUAUTLA,17,MORELOS,6,CUAUTLA,18.8082,-98.9538,0,0,,SI,MAYOR,,,,Con Daño,,,,
,,MSSSA000413,DE CONSULTA EXTERNA,EL HOSPITAL,17,MORELOS,6,CUAUTLA,18.8315,-98.9938,0,1,,SI,MEDIO,,,,Con Daño,,,,
,,MSSSA000425,DE CONSULTA EXTERNA,PUXTLA,17,MORELOS,6,CUAUTLA,18.8102,-98.9822,0,0,,SI,MEDIO,,,,Con Daño,,,,
,,MSSSA000442,DE CONSULTA EXTERNA,TETELCINGO,17,MORELOS,6,CUAUTLA,18.871,-98.9263,0,1,,SI,MEDIO,,,,Con Daño,,,,
,,MSSSA000466,DE HOSPITALIZACIÓN,HG DE CUERNAVACA DR. JOSE G. PARRES,17,MORELOS,7,CUERNAVACA,18.9359,-99.2335,144,0,,SI,MEDIO,,,,Con Daño,,,,
,,MSSSA000495,DE CONSULTA EXTERNA,AMPLIACIÓN LAGUNILLA,17,MORELOS,7,CUERNAVACA,18.9077,-99.2457,0,0,,SI,MEDIO,,,,Con Daño,,,,
,,MSSSA000500,DE CONSULTA EXTERNA,BENITO JUÁREZ,17,MORELOS,7,CUERNAVACA,18.9042,-99.2405,0,1,,SI,MEDIO,,,,Con Daño,,,,
,,MSSSA000512,DE CONSULTA EXTERNA,COL. EMILIANO ZAPATA,17,MORELOS,7,CUERNAVACA,18.9112,-99.2035,0,0,,SI,MEDIO,,,,Con Daño,,,,
,,MSSSA000524,DE CONSULTA EXTERNA,LAGUNILLA DEL SALTO,17,MORELOS,7,CUERNAVACA,18.9089,-99.2452,0,1,,SI,MEDIO,,,,Con Daño,,,,
,,MSSSA000536,DE CONSULTA EXTERNA,LÁZARO CÁRDENAS,17,MORELOS,7,CUERNAVACA,18.8412,-99.2415,0,1,,SI,MEDIO,,,,Con Daño,,,,
,,MSSSA000541,DE CONSULTA EXTERNA,OCOTEPEC,17,MORELOS,7,CUERNAVACA,18.9657,-99.2227,0,1,,SI,MEDIO,,,,Con Daño,,,,
,,MSSSA000553,DE CONSULTA EXTERNA,ALTA VISTA,17,MORELOS,7,CUERNAVACA,18.9263,-99.2505,0,0,,SI,MEDIO,,,,Con Daño,,,,
,,MSSSA000565,DE CONSULTA EXTERNA,SAN MIGUEL ACAPANTZINGO,17,MORELOS,7,CUERNAVACA,18.904,-99.2223,0,0,,SI,MEDIO,,,,Con Daño,,,,
,,MSSSA000570,DE CONSULTA EXTERNA,CUAUHTÉMOC,17,MORELOS,7,CUERNAVACA,18.9758,-99.2309,0,0,,SI,MEDIO,,,,Con Daño,,,,
,,MSSSA000582,DE CONSULTA EXTERNA,CHAMILPA,17,MORELOS,7,CUERNAVACA,18.9764,-99.2401,0,0,,SI,MEDIO,,,,Con Daño,,,,
,,MSSSA000606,DE CONSULTA EXTERNA,LOMAS DE CORTES,17,MORELOS,7,CUERNAVACA,18.9521,-99.217,0,0,,SI,MEDIO,,,,Con Daño,,,,
,,MSSSA000611,DE CONSULTA EXTERNA,PLAN DE AYALA,17,MORELOS,7,CUERNAVACA,18.9313,-99.254,0,0,,SI,MEDIO,,,,Con Daño,,,,
,,MSSSA000623,DE CONSULTA EXTERNA,SAN CRISTÓBAL,17,MORELOS,7,CUERNAVACA,18.9522,-99.2335,0,0,,SI,MEDIO,,,,Con Daño,,,,
,,MSSSA000652,DE CONSULTA EXTERNA,ANTONIO BARONA,17,MORELOS,7,CUERNAVACA,18.949,-99.1937,0,0,,SI,MEDIO,,,,Con Daño,,,,
,,MSSSA000664,DE CONSULTA EXTERNA,REVOLUCIÓN,17,MORELOS,7,CUERNAVACA,18.9209,-99.1826,0,0,,SI,MEDIO,,,,Con Daño,,,,
,,MSSSA000676,DE CONSULTA EXTERNA,SATÉLITE,17,MORELOS,7,CUERNAVACA,18.9181,-99.2075,0,0,,SI,MEDIO,,,,Con Daño,,,,
,,MSSSA000681,DE CONSULTA EXTERNA,CUERNAVACA,17,MORELOS,7,CUERNAVACA,18.918,-99.2327,0,0,,SI,MEDIO,,,,Con Daño,,,,
,,MSSSA000693,DE CONSULTA EXTERNA,BUENA VISTA DEL MONTE,17,MORELOS,7,CUERNAVACA,18.9448,-99.3094,0,1,,SI,MEDIO,,,,Con Daño,,,,
,,MSSSA000710,DE CONSULTA EXTERNA,EL CAPIRI,17,MORELOS,8,EMILIANO ZAPATA,18.8535,-99.1898,0,1,,SI,MEDIO,,,,Con Daño,,,,
,,MSSSA000734,DE CONSULTA EXTERNA,TEPETZINGO,17,MORELOS,8,EMILIANO ZAPATA,18.7834,-99.1806,0,1,,SI,MEDIO,,,,Con Daño,,,,
,,MSSSA000746,DE CONSULTA EXTERNA,TETECALITA,17,MORELOS,8,EMILIANO ZAPATA,18.7687,-99.1802,0,3,,SI,MEDIO,,,,Con Daño,,,,
,,MSSSA000751,DE CONSULTA EXTERNA,TEZOYUCA,17,MORELOS,8,EMILIANO ZAPATA,18.804,-99.2019,0,0,,SI,MEDIO,,,,Con Daño,,,,
,,MSSSA000763,DE CONSULTA EXTERNA,TRES DE MAYO,17,MORELOS,8,EMILIANO ZAPATA,18.8679,-99.2079,0,1,,SI,MEDIO,,,,Con Daño,,,,
,,MSSSA000775,DE CONSULTA EXTERNA,HUITZILAC,17,MORELOS,9,HUITZILAC,19.0317,-99.2644,0,3,,SI,MEDIO,,,,Con Daño,,,,
,,MSSSA000780,DE CONSULTA EXTERNA,COAJOMULCO,17,MORELOS,9,HUITZILAC,19.0344,-99.2048,0,1,,SI,MAYOR,,,,Con Daño,,,,
,,MSSSA000792,DE CONSULTA EXTERNA,TRES MARÍAS,17,MORELOS,9,HUITZILAC,19.0513,-99.2467,0,1,,SI,MEDIO,,,,Con Daño,,,,
,,MSSSA000804,DE CONSULTA EXTERNA,JANTETELCO,17,MORELOS,10,JANTETELCO,18.716,-98.7755,0,0,,SI,MEDIO,,,,Con Daño,,,,
,,MSSSA000816,DE CONSULTA EXTERNA,AMAYUCA,17,MORELOS,10,JANTETELCO,18.7237,-98.7977,0,1,,SI,MEDIO,,,,Con Daño,,,,
,,MSSSA000821,DE CONSULTA EXTERNA,CHALCATZINGO,17,MORELOS,10,JANTETELCO,18.6906,-98.7768,0,0,,SI,MEDIO,,,,Con Daño,,,,
,,MSSSA000862,DE CONSULTA EXTERNA,JOSÉ G. PARRES,17,MORELOS,11,JIUTEPEC,18.8879,-99.1969,0,0,,SI,MAYOR,,,,Con Daño,,,,
,,MSSSA000886,DE CONSULTA EXTERNA,JARDÍN JUÁREZ,17,MORELOS,11,JIUTEPEC,18.881,-99.1445,0,1,,SI,MAYOR,,,,Con Daño,,,,
,,MSSSA000903,DE CONSULTA EXTERNA,JIUTEPEC,17,MORELOS,11,JIUTEPEC,18.8815,-99.1724,0,1,,SI,MEDIO,,,,Con Daño,,,,
,,MSSSA000932,DE CONSULTA EXTERNA,CALERA CHICA,17,MORELOS,11,JIUTEPEC,18.8609,-99.1823,0,1,,SI,MAYOR,,,,Con Daño,,,,
,,MSSSA000956,DE CONSULTA EXTERNA,COLONIA INDEPENDENCIA,17,MORELOS,11,JIUTEPEC,18.8847,-99.1259,0,2,,SI,MEDIO,,,,Con Daño,,,,
,,MSSSA000961,DE HOSPITALIZACIÓN,HG DE JOJUTLA DR. ERNESTO MEANA SAN ROMÁN,17,MORELOS,12,JOJUTLA,18.6177,-99.1907,65,0,,SI,MEDIO,,,,Con Daño,,,,
,,MSSSA000973,DE CONSULTA EXTERNA,PANCHIMALCO,17,MORELOS,12,JOJUTLA,18.6073,-99.1848,0,1,,SI,MAYOR,,,,Con Daño,,,,
,,MSSSA000990,DE CONSULTA EXTERNA,EL HIGUERÓN,17,MORELOS,12,JOJUTLA,18.5782,-99.1783,0,1,,SI,MEDIO,,,,Con Daño,,,,
,,MSSSA001002,DE CONSULTA EXTERNA,PEDRO AMARO,17,MORELOS,12,JOJUTLA,18.5948,-99.1739,0,1,,SI,MEDIO,,,,Con Daño,,,,
,,MSSSA001031,DE CONSULTA EXTERNA,TLATENCHI,17,MORELOS,12,JOJUTLA,18.5976,-99.1868,0,1,,SI,MAYOR,,,,Con Daño,,,,
,,MSSSA001043,DE CONSULTA EXTERNA,VICENTE ARANDA,17,MORELOS,12,JOJUTLA,18.5611,-99.2382,0,1,,SI,MEDIO,,,,Con Daño,,,,
,,MSSSA001060,DE CONSULTA EXTERNA,JONACATEPEC,17,MORELOS,13,JONACATEPEC,18.6783,-98.8049,0,2,,SI,MEDIO,,,,Con Daño,,,,
,,MSSSA001072,DE CONSULTA EXTERNA,AMACUITLAPILCO,17,MORELOS,13,JONACATEPEC,18.6965,-98.8117,0,1,,SI,MEDIO,,,,Con Daño,,,,
,,MSSSA001084,DE CONSULTA EXTERNA,TETELILLA,17,MORELOS,13,JONACATEPEC,18.6116,-98.7697,0,1,,SI,MEDIO,,,,Con Daño,,,,
,,MSSSA001096,DE CONSULTA EXTERNA,TLAYCA,17,MORELOS,13,JONACATEPEC,18.7026,-98.8503,0,1,,SI,MEDIO,,,,Con Daño,,,,
,,MSSSA001101,DE CONSULTA EXTERNA,MAZATEPEC,17,MORELOS,14,MAZATEPEC,18.7275,-99.3628,0,0,,SI,MEDIO,,,,Con Daño,,,,
,,MSSSA001113,DE CONSULTA EXTERNA,CUAUCHICHINOLA,17,MORELOS,14,MAZATEPEC,18.6643,-99.3731,0,1,,SI,MEDIO,,,,Con Daño,,,,
,,MSSSA001125,DE CONSULTA EXTERNA,MIACATLÁN,17,MORELOS,15,MIACATLÁN,18.7673,-99.3613,0,1,,SI,MEDIO,,,,Con Daño,,,,
,,MSSSA001142,DE CONSULTA EXTERNA,PALPAN,17,MORELOS,15,MIACATLÁN,18.8752,-99.4253,0,2,,SI,MEDIO,,,,Con Daño,,,,
,,MSSSA001154,DE CONSULTA EXTERNA,OCUITUCO,17,MORELOS,16,OCUITUCO,18.8778,-98.7759,0,0,,SI,MEDIO,,,,Con Daño,,,,
,,MSSSA001166,DE CONSULTA EXTERNA,HUECAHUASCO,17,MORELOS,16,OCUITUCO,18.937,-98.7835,0,1,,SI,MEDIO,,,,Con Daño,,,,
,,MSSSA001171,DE CONSULTA EXTERNA,JUMILTEPEC,17,MORELOS,16,OCUITUCO,18.9079,-98.7724,0,0,,SI,MEDIO,,,,Con Daño,,,,
,,MSSSA001183,DE CONSULTA EXTERNA,OCOXALTEPEC,17,MORELOS,16,OCUITUCO,18.9332,-98.7516,0,2,,SI,MEDIO,,,,Con Daño,,,,
,,MSSSA001200,DE CONSULTA EXTERNA,AHUEHUETZINGO,17,MORELOS,17,PUENTE DE IXTLA,18.6813,-99.3062,0,1,,SI,MEDIO,,,,Con Daño,,,,
,,MSSSA001212,DE CONSULTA EXTERNA,LA TIGRA,17,MORELOS,17,PUENTE DE IXTLA,18.5257,-99.3317,0,1,,SI,MEDIO,,,,Con Daño,,,,
,,MSSSA001236,DE CONSULTA EXTERNA,SAN JOSÉ VISTA HERMOSA,17,MORELOS,17,PUENTE DE IXTLA,18.6538,-99.2661,0,1,,SI,MEDIO,,,,Con Daño,,,,
,,MSSSA001241,DE CONSULTA EXTERNA,XOXOCOTLA,17,MORELOS,17,PUENTE DE IXTLA,18.6774,-99.2506,0,2,,SI,MEDIO,,,,Con Daño,,,,
,,MSSSA001253,DE CONSULTA EXTERNA,PUEBLO VIEJO,17,MORELOS,18,TEMIXCO,18.8694,-99.251,0,2,,SI,MEDIO,,,,Con Daño,,,,
,,MSSSA001265,DE CONSULTA EXTERNA,LA NOPALERA,17,MORELOS,18,TEMIXCO,18.8286,-99.245,0,1,,SI,MEDIO,,,,Con Daño,,,,
,,MSSSA001270,DE CONSULTA EXTERNA,LOMAS DEL CARRIL,17,MORELOS,18,TEMIXCO,18.8638,-99.2331,0,1,,SI,MEDIO,,,,Con Daño,,,,
,,MSSSA001282,DE CONSULTA EXTERNA,ALTA PALMIRA,17,MORELOS,18,TEMIXCO,18.8727,-99.2312,0,2,,SI,MEDIO,,,,Con Daño,,,,
,,MSSSA001294,DE CONSULTA EXTERNA,VILLA DE LAS FLORES,17,MORELOS,18,TEMIXCO,18.8378,-99.2375,0,2,,SI,MAYOR,,,,Con Daño,,,,
,,MSSSA001306,DE CONSULTA EXTERNA,DIEZ DE ABRIL,17,MORELOS,18,TEMIXCO,18.8205,-99.2405,0,1,,SI,MEDIO,,,,Con Daño,,,,
,,MSSSA001311,DE CONSULTA EXTERNA,ACATLIPA,17,MORELOS,18,TEMIXCO,18.8279,-99.2283,0,0,,SI,MEDIO,,,,Con Daño,,,,
,,MSSSA001323,DE CONSULTA EXTERNA,TEMIXCO,17,MORELOS,18,TEMIXCO,18.8535,-99.2238,0,1,,SI,MEDIO,,,,Con Daño,,,,
,,MSSSA001340,DE CONSULTA EXTERNA,TETLAMA,17,MORELOS,18,TEMIXCO,18.8282,-99.2846,0,1,,SI,MEDIO,,,,Con Daño,,,,
,,MSSSA001376,DE CONSULTA EXTERNA,ATOTONILCO,17,MORELOS,19,TEPALCINGO,18.6525,-98.8334,0,1,,SI,MEDIO,,,,Con Daño,,,,
,,MSSSA001434,DE CONSULTA EXTERNA,TEPOZTLÁN,17,MORELOS,20,TEPOZTLÁN,18.9867,-99.0996,0,10,,SI,MAYOR,,,,Con Daño,,,,
,,MSSSA001451,DE CONSULTA EXTERNA,SAN ANDRÉS DE LA CAL,17,MORELOS,20,TEPOZTLÁN,18.9569,-99.1177,0,1,,SI,MEDIO,,,,Con Daño,,,,
,,MSSSA001463,DE CONSULTA EXTERNA,SANTA CATARINA,17,MORELOS,20,TEPOZTLÁN,18.9764,-99.1515,0,1,,SI,MEDIO,,,,Con Daño,,,,
,,MSSSA001475,DE CONSULTA EXTERNA,SANTIAGO TEPETLAPA,17,MORELOS,20,TEPOZTLÁN,18.9695,-99.0758,0,3,,SI,MEDIO,,,,Con Daño,,,,
,,MSSSA001492,DE CONSULTA EXTERNA,SAN JUAN TLACOTENCO,17,MORELOS,20,TEPOZTLÁN,19.0178,-99.0933,0,0,,SI,MEDIO,,,,Con Daño,,,,
,,MSSSA001516,DE CONSULTA EXTERNA,TETECALA,17,MORELOS,21,TETECALA,18.7288,-99.3966,0,1,,SI,MEDIO,,,,Con Daño,,,,
,,MSSSA001521,DE CONSULTA EXTERNA,CONTLALCO,17,MORELOS,21,TETECALA,18.658,-99.4465,0,2,,SI,MEDIO,,,,Con Daño,,,,
,,MSSSA001533,DE CONSULTA EXTERNA,CUAUTLITA,17,MORELOS,21,TETECALA,18.7019,-99.3763,0,1,,SI,MEDIO,,,,Con Daño,,,,
,,MSSSA001545,DE CONSULTA EXTERNA,TETELA DEL VOLCÁN,17,MORELOS,22,TETELA DEL VOLCÁN,18.8928,-98.7306,0,9,,SI,MEDIO,,,,Con Daño,,,,
,,MSSSA001550,DE CONSULTA EXTERNA,HUEYAPAN,17,MORELOS,22,TETELA DEL VOLCÁN,18.8849,-98.6908,0,1,,SI,MEDIO,,,,Con Daño,,,,
,,MSSSA001586,DE CONSULTA EXTERNA,TLALTIZAPÁN,17,MORELOS,24,TLALTIZAPÁN DE ZAPATA,18.6882,-99.117,0,4,,SI,MEDIO,,,,Con Daño,,,,
,,MSSSA001591,DE CONSULTA EXTERNA,ACAMILPA,17,MORELOS,24,TLALTIZAPÁN DE ZAPATA,18.7139,-99.1571,0,1,,SI,MEDIO,,,,Con Daño,,,,
,,MSSSA001603,DE CONSULTA EXTERNA,BARRANCA HONDA,17,MORELOS,24,TLALTIZAPÁN DE ZAPATA,18.8155,-99.1073,0,1,,SI,MEDIO,,,,Con Daño,,,,
,,MSSSA001615,DE CONSULTA EXTERNA,SAN PABLO HIDALGO,17,MORELOS,24,TLALTIZAPÁN DE ZAPATA,18.582,-99.043,0,1,,SI,MAYOR,,,,Con Daño,,,,
,,MSSSA001620,DE CONSULTA EXTERNA,TEMIMILCINGO,17,MORELOS,24,TLALTIZAPÁN DE ZAPATA,18.73,-99.16,0,1,,SI,MAYOR,,,,Con Daño,,,,
,,MSSSA001632,DE CONSULTA EXTERNA,TICUMÁN,17,MORELOS,24,TLALTIZAPÁN DE ZAPATA,18.7609,-99.1205,0,0,,SI,MEDIO,,,,Con Daño,,,,
,,MSSSA001661,DE CONSULTA EXTERNA,TLAQUILTENANGO,17,MORELOS,25,TLAQUILTENANGO,18.6439,-99.1567,0,1,,SI,MEDIO,,,,Con Daño,,,,
,,MSSSA001673,DE CONSULTA EXTERNA,AJUCHITLÁN,17,MORELOS,25,TLAQUILTENANGO,18.4633,-98.9731,0,2,,SI,MEDIO,,,,Con Daño,,,,
,,MSSSA001685,DE CONSULTA EXTERNA,COAXITLÁN,17,MORELOS,25,TLAQUILTENANGO,18.4503,-99.1821,0,1,,SI,MEDIO,,,,Con Daño,,,,
,,MSSSA001714,DE CONSULTA EXTERNA,NEXPA,17,MORELOS,25,TLAQUILTENANGO,18.5185,-99.1453,0,0,,SI,MEDIO,,,,Con Daño,,,,
,,MSSSA001743,DE CONSULTA EXTERNA,VALLE DE VÁZQUEZ,17,MORELOS,25,TLAQUILTENANGO,18.5296,-99.0686,0,2,,SI,MAYOR,,,,Con Daño,,,,
,,MSSSA001760,DE CONSULTA EXTERNA,XOCHIPALA,17,MORELOS,25,TLAQUILTENANGO,18.4256,-99.0516,0,1,,SI,MEDIO,,,,Con Daño,,,,
,,MSSSA001772,DE CONSULTA EXTERNA,TLAYACAPAN,17,MORELOS,26,TLAYACAPAN,18.9578,-98.9809,0,6,,SI,MEDIO,,,,Con Daño,,,,
,,MSSSA001784,DE CONSULTA EXTERNA,AMATLIPAC,17,MORELOS,26,TLAYACAPAN,18.9776,-98.9703,0,0,,SI,MEDIO,,,,Con Daño,,,,
,,MSSSA001796,DE CONSULTA EXTERNA,SAN ANDRÉS CUAUHTEMPAN,17,MORELOS,26,TLAYACAPAN,18.9729,-98.9437,0,0,,SI,MEDIO,,,,Con Daño,,,,
,,MSSSA001801,DE CONSULTA EXTERNA,SAN JOSÉ DE LOS LAURELES,17,MORELOS,26,TLAYACAPAN,18.9823,-99.0025,0,2,,SI,MEDIO,,,,Con Daño,,,,
,,MSSSA001813,DE CONSULTA EXTERNA,NACATONGO,17,MORELOS,26,TLAYACAPAN,18.9452,-98.9782,0,1,,SI,MEDIO,,,,Con Daño,,,,
,,MSSSA001825,DE CONSULTA EXTERNA,LAS VIVIANAS,17,MORELOS,26,TLAYACAPAN,18.9285,-99.0279,0,1,,SI,MEDIO,,,,Con Daño,,,,
,,MSSSA001830,DE CONSULTA EXTERNA,TOTOLAPAN,17,MORELOS,27,TOTOLAPAN,18.9856,-98.9213,0,3,,SI,MEDIO,,,,Con Daño,,,,
,,MSSSA001842,DE CONSULTA EXTERNA,NEPOPUALCO,17,MORELOS,27,TOTOLAPAN,18.9999,-98.9437,0,1,,SI,MEDIO,,,,Con Daño,,,,
,,MSSSA001866,DE CONSULTA EXTERNA,ALPUYECA,17,MORELOS,28,XOCHITEPEC,18.7372,-99.2598,0,1,,SI,MEDIO,,,,Con Daño,,,,
,,MSSSA001871,DE CONSULTA EXTERNA,ATLACHOLOAYA,17,MORELOS,28,XOCHITEPEC,18.7439,-99.2261,0,1,,SI,MAYOR,,,,Con Daño,,,,
,,MSSSA001883,DE CONSULTA EXTERNA,CHICONCUAC,17,MORELOS,28,XOCHITEPEC,18.7816,-99.2018,0,1,,SI,MEDIO,,,,Con Daño,,,,
,,MSSSA001895,DE CONSULTA EXTERNA,UNIDAD MORELOS 2A. SECCIÓN,17,MORELOS,28,XOCHITEPEC,18.8183,-99.2617,0,2,,SI,MEDIO,,,,Con Daño,,,,
,,MSSSA001900,DE CONSULTA EXTERNA,U.H.J. MA.MORELOS Y PAVÓN,17,MORELOS,28,XOCHITEPEC,18.8226,-99.2553,0,0,,SI,MEDIO,,,,Con Daño,,,,
,,MSSSA001912,DE CONSULTA EXTERNA,LAS TETILLAS,17,MORELOS,29,YAUTEPEC,18.8792,-99.114,0,0,,SI,MEDIO,,,,Con Daño,,,,
,,MSSSA001924,DE CONSULTA EXTERNA,YAUTEPEC,17,MORELOS,29,YAUTEPEC,18.8806,-99.0682,0,14,,SI,MEDIO,,,,Con Daño,,,,
,,MSSSA001941,DE CONSULTA EXTERNA,COCOYOC,17,MORELOS,29,YAUTEPEC,-98.9808,18.8862,0,0,,SI,MEDIO,,,,Con Daño,,,,
,,MSSSA001965,DE CONSULTA EXTERNA,MIGUEL HIDALGO,17,MORELOS,29,YAUTEPEC,18.806,-99.0903,0,1,,SI,MAYOR,,,,Con Daño,,,,
,,MSSSA002023,DE CONSULTA EXTERNA,ACHICHIPICO,17,MORELOS,30,YECAPIXTLA,18.9489,-98.827,0,1,,SI,MEDIO,,,,Con Daño,,,,
,,MSSSA002035,DE CONSULTA EXTERNA,HUEXCA,17,MORELOS,30,YECAPIXTLA,18.8047,-98.8703,0,0,,SI,MEDIO,,,,Con Daño,,,,
,,MSSSA002040,DE CONSULTA EXTERNA,JUAN MORALES,17,MORELOS,30,YECAPIXTLA,18.8126,-98.9216,0,0,,SI,MEDIO,,,,Con Daño,,,,
,,MSSSA002052,DE CONSULTA EXTERNA,TECAJEC,17,MORELOS,30,YECAPIXTLA,18.7985,-98.8138,0,1,,SI,MEDIO,,,,Con Daño,,,,
,,MSSSA002064,DE CONSULTA EXTERNA,XOCHITLÁN,17,MORELOS,30,YECAPIXTLA,18.8885,-98.8124,0,0,,SI,MEDIO,,,,Con Daño,,,,
,,MSSSA002076,DE CONSULTA EXTERNA,ADOLFO LÓPEZ MATEOS,17,MORELOS,30,YECAPIXTLA,18.8853,-98.9173,0,0,,SI,MEDIO,,,,Con Daño,,,,
,,MSSSA002081,DE CONSULTA EXTERNA,ZACATEPEC,17,MORELOS,31,ZACATEPEC,18.6501,-99.1938,0,0,,SI,MAYOR,,,,Con Daño,,,,
,,MSSSA002093,DE CONSULTA EXTERNA,ZACUALPAN,17,MORELOS,32,ZACUALPAN,18.7921,-98.767,0,2,,SI,MEDIO,,,,Con Daño,,,,
,,MSSSA002105,DE CONSULTA EXTERNA,TLACOTEPEC,17,MORELOS,32,ZACUALPAN,18.8151,-98.7508,0,1,,SI,MEDIO,,,,Con Daño,,,,
,,MSSSA002110,DE CONSULTA EXTERNA,TEMOAC,17,MORELOS,33,TEMOAC,18.7676,-98.7794,0,2,,SI,MEDIO,,,,Con Daño,,,,
,,MSSSA002151,DE CONSULTA EXTERNA,LA TOMA,17,MORELOS,15,MIACATLÁN,18.7719,-99.3521,0,1,,SI,MEDIO,,,,Con Daño,,,,
,,MSSSA002303,DE CONSULTA EXTERNA,AMACUZAC,17,MORELOS,1,AMACUZAC,18.5971,-99.3647,0,2,,SI,MEDIO,,,,Con Daño,,,,
,,MSSSA002315,DE CONSULTA EXTERNA,XOCHITEPEC,17,MORELOS,28,XOCHITEPEC,18.7843,-99.2262,0,2,,SI,MEDIO,,,,Con Daño,,,,
,,MSSSA002320,DE CONSULTA EXTERNA,TEPALCINGO,17,MORELOS,19,TEPALCINGO,18.5972,-98.8383,0,8,,SI,MEDIO,,,,Con Daño,,,,
,,MSSSA002332,DE CONSULTA EXTERNA,SAN CARLOS (LOS ARCOS),17,MORELOS,29,YAUTEPEC,18.8913,-99.025,0,3,,SI,MAYOR,,,,Con Daño,,,,
,,MSSSA002344,DE HOSPITALIZACIÓN,HC PUENTE DE IXTLA DR. FERNANDO R. VIZCARRA,17,MORELOS,17,PUENTE DE IXTLA,18.6159,-99.3267,12,0,,SI,MEDIO,,,,Con Daño,,,,
,,MSSSA002583,DE CONSULTA EXTERNA,UNEME CAPA CENTRO NUEVA VIDA CUAUTLA,17,MORELOS,6,CUAUTLA,18.8081,-98.9538,0,0,,SI,MEDIO,,,,Con Daño,,,,
,,MSSSA002595,DE CONSULTA EXTERNA,UNEME CENTRO INTEGRAL DE SALUD MENTAL (CISAME),17,MORELOS,6,CUAUTLA,18.8081,-98.9538,0,0,,SI,MEDIO,,,,Con Daño,,,,
,,MSSSA002624,DE CONSULTA EXTERNA,SANTA ROSA 30,17,MORELOS,24,TLALTIZAPÁN DE ZAPATA,18.6998,-99.1833,0,2,,SI,MEDIO,,,,Con Daño,,,,
,,MSSSA002641,DE CONSULTA EXTERNA,CUENTEPEC,17,MORELOS,18,TEMIXCO,18.8662,-99.327,0,1,,SI,MAYOR,,,,Con Daño,,,,
,,MSSSA002653,DE CONSULTA EXTERNA,CASAHUATLAN II,17,MORELOS,1,AMACUZAC,18.5713,-99.3932,0,1,,SI,MEDIO,,,,Con Daño,,,,
,,MSSSA002706,DE CONSULTA EXTERNA,OAXTEPEC,17,MORELOS,29,YAUTEPEC,-98.972,18.9138,0,2,,SI,MEDIO,,,,Con Daño,,,,
,,MSSSA002711,DE CONSULTA EXTERNA,SANTA MA. AHUACATITLAN,17,MORELOS,7,CUERNAVACA,18.9769,-99.2531,0,3,,SI,MAYOR,,,,Con Daño,,,,
,,MSSSA002723,DE CONSULTA EXTERNA,TLALTENANGO,17,MORELOS,7,CUERNAVACA,18.9417,-99.2417,0,7,,SI,MEDIO,,,,Con Daño,,,,
,,MSSSA002735,DE CONSULTA EXTERNA,COATLAN DEL RÍO,17,MORELOS,5,COATLÁN DEL RÍO,18.7449,-99.434,0,1,,SI,MEDIO,,,,Con Daño,,,,
,,MSSSA002776,DE CONSULTA EXTERNA,OACALCO,17,MORELOS,29,YAUTEPEC,18.9213,-99.0299,0,2,,SI,MEDIO,,,,Con Daño,,,,
,,MSSSA002793,DE CONSULTA EXTERNA,SAN RAFAEL ZARAGOZA,17,MORELOS,24,TLALTIZAPÁN DE ZAPATA,18.642,-99.0042,0,2,,SI,MEDIO,,,,Con Daño,,,,
,,MSSSA002805,DE CONSULTA EXTERNA,EMILIANO ZAPATA,17,MORELOS,8,EMILIANO ZAPATA,18.8362,-99.185,0,6,,SI,MEDIO,,,,Con Daño,,,,
,,MSSSA002810,DE CONSULTA EXTERNA,COATETELCO,17,MORELOS,15,MIACATLÁN,18.7334,-99.3304,0,1,,SI,MAYOR,,,,Con Daño,,,,
,,MSSSA002822,DE CONSULTA EXTERNA,ATLATLAHUCAN,17,MORELOS,2,ATLATLAHUCAN,18.9307,-98.8892,0,3,,SI,MEDIO,,,,Con Daño,,,,
,,MSSSA002875,DE CONSULTA EXTERNA,TEQUESQUITENGO,17,MORELOS,12,JOJUTLA,18.6116,-99.2602,0,1,,SI,MEDIO,,,,Con Daño,,,,
,,MSSSA002892,DE CONSULTA EXTERNA,FELIPE NERI,17,MORELOS,23,TLALNEPANTLA,-98.942,19.0403,0,0,,SI,MEDIO,,,,Con Daño,,,,
,,MSSSA002904,DE CONSULTA EXTERNA,C.S. CHIPITLAN,17,MORELOS,7,CUERNAVACA,18.897,-99.229,0,1,,SI,MEDIO,,,,Con Daño,,,,
,,MSSSA002916,DE CONSULTA EXTERNA,C.S. TEJALPA,17,MORELOS,11,JIUTEPEC,18.8994,-99.164,0,4,,SI,MEDIO,,,,Con Daño,,,,
,,MSSSA002921,DE CONSULTA EXTERNA,TLALNEPANTLA,17,MORELOS,23,TLALNEPANTLA,19.0071614,-98.9975914,0,1,,SI,MEDIO,,,,Con Daño,,,,
,,OCSSA000092,DE CONSULTA EXTERNA,ASUNCIÓN IXTALTEPEC,20,OAXACA,5,ASUNCIÓN IXTALTEPEC,16.5057,-95.0593,0,1,,SI,MAYOR,DAÑOS EN ESTRUCTURA MAYORES,,,Con Daño,,,,
,,OCSSA000220,DE CONSULTA EXTERNA,CIÉNEGA DE ZIMATLAN,20,OAXACA,13,CIÉNEGA DE ZIMATLÁN,16.8996,-96.7667,0,4,,SI,MEDIO,PRESENTA  CUARTEADURAS,,,Con Daño,,,,
,,OCSSA000232,DE CONSULTA EXTERNA,CIUDAD IXTEPEC,20,OAXACA,14,CIUDAD IXTEPEC,16.5642,-95.0987,6,0,,SI,MENOR,"DAÑOS MENORES EN APLANADOS Y JUNTAS CONSTRUCTIVAS, DAÑOS ESTRUCTURALES , FRACTURADOS, HOSPITAL DESTRUIDO Y REHABILITADO EN ÁREA CONTIGUA",,,Con Daño,,,,
,,OCSSA000343,DE HOSPITALIZACIÓN,HC HOSPITAL INTEGRAL COMUNITARIO CHALCATONGO,20,OAXACA,26,CHALCATONGO DE HIDALGO,17.024463,-97.570828,12,7,,SI,MEDIO,PRESENTA GRIETAS  ,,,Con Daño,,,,
,,OCSSA000524,DE HOSPITALIZACIÓN,HG HUAJUAPAN ENF. MARÍA DEL PILAR SÁNCHEZ VILLAVICENCIO,20,OAXACA,39,HEROICA CIUDAD DE HUAJUAPAN DE LEÓN,17.8116425,-97.77261344,30,12,,SI,MEDIO,PRESENTA GRIETAS   ,,,Con Daño,,,,
,,OCSSA000640,DE HOSPITALIZACIÓN,HG JUCHITAN DR. MACEDONIO BENÍTEZ FUENTES,20,OAXACA,43,HEROICA CIUDAD DE JUCHITÁN DE ZARAGOZA,16.43394412,-95.01313775,60,0,,SI,MAYOR,"SUFRE AFECTACION EN GRAN PARTE DE SU ESTRUCTURA MAYORES; FISURAS Y CUARTEADURAS, SE REENVÍAN PACIENTES AL CENTRO DE ATENCIÓN HOSPITALARIA  DE MATIAS ROMERO IMSS PROSPERA Y SALINA CRUZ",,,Con Daño,,,,
,,OCSSA000722,DE CONSULTA EXTERNA,R 02  MAGDALENA TEITIPAC,20,OAXACA,51,MAGDALENA TEITIPAC,16.9064,-96.5583,0,2,,SI,MENOR,REPORTA FISURAS,,,Con Daño,,,,
,,OCSSA000985,DE HOSPITALIZACIÓN,HG OAXACA DR. AURELIO VALDIVIESO,20,OAXACA,67,OAXACA DE JUÁREZ,17.08204827,-96.7181727,197,63,,SI,MENOR,DAÑOS MENORES EN REPELLADO Y AZULEJOS,,,Con Daño,,,,
,,OCSSA001026,DE CONSULTA EXTERNA,LA JOYA SAN MARTÍN MEXICAPAM,20,OAXACA,67,OAXACA DE JUÁREZ,17.0687,-96.757,0,0,,SI,MENOR,SE ACENTUA FILTRACION ,,,Con Daño,,,,
,,OCSSA001125,DE HOSPITALIZACIÓN,PUTLA VILLA DE GUERRERO.,20,OAXACA,73,PUTLA VILLA DE GUERRERO,17.0233,-97.9291,30,0,,SI,MEDIO,PRESENTA GRIETAS,,,Con Daño,,,,
,,OCSSA001224,DE CONSULTA EXTERNA,SAN AGUSTÍN DE LAS JUNTAS,20,OAXACA,83,SAN AGUSTÍN DE LAS JUNTAS,17.012,-96.7127,0,6,,SI,MEDIO,"AFECTACIÓN A LA ESTRUCTURA EN CUATRO ÁREAS; VACUNACIÓN, NUTRICIÓN, DIRECCIÓN Y PSICOLOGÍA",,,Con Daño,,,,
,,OCSSA001236,DE CONSULTA EXTERNA,SAN AGUSTÍN LOXICHA,20,OAXACA,85,SAN AGUSTÍN LOXICHA,16.0169,-96.6148,0,6,,SI,MEDIO,"FRACTURAS ESTRUCTURALES, LAVABOS, Y DAÑOS EN FARMACIA ",,,Con Daño,,,,
,,OCSSA001405,DE CONSULTA EXTERNA,SAN ANTONINO CASTILLO VELASCO,20,OAXACA,103,SAN ANTONINO CASTILLO VELASCO,16.8026,-96.6843,0,3,,SI,MEDIO,PRESENTA GRIETAS  ,,,Con Daño,,,,
,,OCSSA001422,DE CONSULTA EXTERNA,CSU 07 SAN ANTONIO DE LA CAL,20,OAXACA,107,SAN ANTONIO DE LA CAL,17.0233,-96.7017,0,12,,SI,MENOR,ANEGAMIENTO SIN DAÑOS ESTRUCTURALES ,,,Con Daño,,,,
,,OCSSA001451,DE CONSULTA EXTERNA,SAN BALTAZAR CHICHICAPAM,20,OAXACA,112,SAN BALTAZAR CHICHICÁPAM,16.7614,-96.4871,0,4,,SI,MEDIO,PRESENTA GRIETAS  ,,,Con Daño,,,,
,,OCSSA001463,DE HOSPITALIZACIÓN,HE DE LA NIÑEZ OAXAQUEÑA,20,OAXACA,115,SAN BARTOLO COYOTEPEC,16.94658513,-96.71092001,111,40,,SI,MENOR,DAÑOS ESTRUCTURALES / MÚLTIPLES FISURAS MENORES,,,Con Daño,,,,
,,OCSSA001492,DE CONSULTA EXTERNA,R 02 REYES MANTECON,20,OAXACA,115,SAN BARTOLO COYOTEPEC,16.9061,-96.728,0,2,,SI,MEDIO,PRESENTA GRIETAS  ,,,Con Daño,,,,
,,OCSSA001970,DE CONSULTA EXTERNA,SAN JOSÉ AYUQUILA,20,OAXACA,165,SAN JOSÉ AYUQUILA,17.9424,-97.9676,0,4,,SI,MEDIO,GRIETAS SALON DE USOS MULTIPLES,,,Con Daño,,,,
,,OCSSA002320,DE HOSPITALIZACIÓN,HG MARÍA LOMBARDO DE CASO,20,OAXACA,190,SAN JUAN COTZOCÓN,17.44635317,-95.43085808,30,6,,SI,MENOR,"DAÑOS ESTRUCTURALES MENORES, PERO FUNCIONAL",,,Con Daño,,,,
,,OCSSA002525,DE CONSULTA EXTERNA,SAN JUAN MIXTEPEC,20,OAXACA,208,SAN JUAN MIXTEPEC -DTO. 08 -,17.3073,-97.8328,0,4,,SI,MEDIO,PRESENTA GRIETAS   ,,,Con Daño,,,,
,,OCSSA002571,DE CONSULTA EXTERNA,SAN JUAN MIXTEPEC-DISTR.26-,20,OAXACA,209,SAN JUAN MIXTEPEC -DTO. 26 -,16.2754,-96.3047,0,2,,SI,MEDIO,PRESENTA GRIETAS,,,Con Daño,,,,
,,OCSSA002636,DE CONSULTA EXTERNA,SAN JUAN TEITIPAC,20,OAXACA,219,SAN JUAN TEITIPAC,16.9275,-96.608,0,2,,SI,MENOR,REPORTA FISURA ENTRE UNIDAD NUEVA Y VIEJA,,,Con Daño,,,,
,,OCSSA002670,DE CONSULTA EXTERNA,SAN LORENZO ALBARRADAS,20,OAXACA,226,SAN LORENZO ALBARRADAS,16.9099,-96.2595,0,2,,SI,MENOR,SIN DAÑOS ESTRUCTURALES ,,,Con Daño,,,,
,,OCSSA002682,DE CONSULTA EXTERNA,SAN LORENZO CACAOTEPEC,20,OAXACA,227,SAN LORENZO CACAOTEPEC,17.1292,-96.8026,0,4,,SI,MEDIO,"DAÑOS EN PLAFON, PAREDES , UNIADD DENTAL E INSTALACION ELECTRICA",,,Con Daño,,,,
,,OCSSA002962,DE CONSULTA EXTERNA,SAN MELCHOR BETAZA,20,OAXACA,257,SAN MELCHOR BETAZA,17.2526,-96.1513,0,2,,SI,MENOR,NO CUENTA CON ENERGIA ELECTRICA Y COMUNICACIÓN TELEFONICA CONVENCIONAL O CELULAR,,,Con Daño,,,,
,,OCSSA003143,DE CONSULTA EXTERNA,SAN MIGUEL EL GRANDE,20,OAXACA,269,SAN MIGUEL EL GRANDE,17.0454,-97.6225,0,4,,SI,MEDIO,GRIETAS EN SALA DE EXPULSIÓN,,,Con Daño,,,,
,,OCSSA003435,DE CONSULTA EXTERNA,SAN PABLO VILLA DE MITLA,20,OAXACA,298,SAN PABLO VILLA DE MITLA,16.9183,-96.3615,0,4,,SI,MENOR,REPORTA FISURA EN AREA DE NUTRICIÓN,,,Con Daño,,,,
,,OCSSA003575,DE CONSULTA EXTERNA,SAN PEDRO IXTLÁHUACA,20,OAXACA,310,SAN PEDRO IXTLAHUACA,17.0652,-96.817,0,5,,SI,MEDIO,PRESENTA CUARTEADURAS EN SALA DE ESPERA,,,Con Daño,,,,
,,OCSSA003715,DE HOSPITALIZACIÓN,HG POCHUTLA,20,OAXACA,324,SAN PEDRO POCHUTLA,15.73486536,-96.47265661,60,18,,SI,MENOR,"DESPRENDIMIENTO DE LOSETA Y CINTILLA, FISURA EN LOS MUROS Y FALSO PLAFÓN, REPELLO EN JUNTAS CONSTRUCTIVAS, CAÍDA DE LUMINARIAS, CAÍDA DE DOS CRISTALES EN PUESTA DE ALUMINIO, CAÍDA DE DOS MONITORES DE SIGNOS VITALES, RUPTURA DE TUBERÍA DE AGUA EN CUARTO DE MÁQUINAS. RELEVANTE: SEPARACIÓN DE DOS FALDONES DE LOSA EN LOS ACCESOS DE URGENCIAS, ASÍ COMO  EL FALSO PLAFÓN COLGADO EN HOSPITALIZACIÓN.",,,Con Daño,,,,
,,OCSSA003855,DE CONSULTA EXTERNA,SAN PEDRO TAVICHE,20,OAXACA,328,SAN PEDRO TAVICHE,16.6371,-96.5357,0,2,,SI,MENOR,FILTRACIONES EN BAÑOS,,,Con Daño,,,,
,,OCSSA004070,DE CONSULTA EXTERNA,SAN SEBASTIÁN ABASOLO,20,OAXACA,343,SAN SEBASTIÁN ABASOLO,16.9965,-96.5914,0,2,,SI,MENOR,PRESENTA FISURA EN AREA DE ODONTOLOGIA,,,Con Daño,,,,
,,OCSSA004106,DE CONSULTA EXTERNA,CSU 04 FRACCIÓNAMIENTO EL ROSARIO,20,OAXACA,350,SAN SEBASTIÁN TUTLA,17.0454,-96.6918,0,6,,SI,MENOR,PRESENTA CUARTEADURAS MENORES,,,Con Daño,,,,
,,OCSSA004152,DE HOSPITALIZACIÓN,HC SANTA CATARINA JUQUILA,20,OAXACA,364,SANTA CATARINA JUQUILA,17.04904047,-96.73165617,13,6,,SI,MENOR,"PRESENTA CUARTEADURAS QUE NO AFECTAN SU FUNCIONAMIENTO, SE ENCUENTRA LABORANDO DENTRO DE LA NORMALIDAD. ",,,Con Daño,,,,
,,OCSSA004403,DE CONSULTA EXTERNA,R02 ARRAZOLA (SAN ANTONIO ARRAZOLA),20,OAXACA,385,SANTA CRUZ XOXOCOTLÁN,17.0397,-96.7897,0,2,,SI,MEDIO,"CUARTEADURAS EN DOS CONSULTORIOS, HOSPITALIZACIÓN, EXPULSIÓN Y ÁREA DE VACUNACIÓN, NO AFECTAN LA OPERATIVIDAD DE LA UNIDAD",,,Con Daño,,,,
,,OCSSA004456,DE CONSULTA EXTERNA,SANTA GERTRUDIS,20,OAXACA,387,SANTA GERTRUDIS,16.783,-96.8063,0,2,,SI,MEDIO,PRESENTA  CUARTEADURAS,,,Con Daño,,,,
,,OCSSA004473,DE CONSULTA EXTERNA,SANTA INES YATZECHE,20,OAXACA,389,SANTA INÉS YATZECHE,16.8066,-96.7586,0,1,,SI,MENOR,SIN DAÑOS ESTRUCTURALES ,,,Con Daño,,,,
,,OCSSA004531,DE CONSULTA EXTERNA,SANTA MARÍA COLOTEPEC,20,OAXACA,401,SANTA MARÍA COLOTEPEC,15.8979,-96.9378,0,2,,SI,MEDIO,"FALLAS EN LA INFRAESTRUCTURA DE PAREDES Y TECHO DEL CENTRO DE SALUD, QUE YA ESTABAN PERO PROVOCO QUE SE AGRAVARAN. MALAS CONDICIONES EN LA INSTALACIÓN ELÉCTRICA. LA ENCARGADA DE LA UNIDAD MÉDICA INDICA QUE EL PERSONAL DE SALUD SE RETIRE A LAS 12 HORAS PARA EVITAR RIESGOS EN EL TRABAJO; SOLICITA LA VERIFICACIÓN DEL INMUEBLE",,,Con Daño,,,,
,,OCSSA004753,DE CONSULTA EXTERNA,ZOCOTEACA DE LEÓN,20,OAXACA,415,SANTA MARÍA IPALAPA,16.6403,-98.0014,0,4,,SI,MEDIO,GRIETAS EN LA UNIDAD DE SALUD,,,Con Daño,,,,
,,OCSSA004794,DE CONSULTA EXTERNA,SANTA MARÍA JALTIANGUIS,20,OAXACA,419,SANTA MARÍA JALTIANGUIS,17.3629,-96.5274,0,2,,SI,MENOR,REPORTA FISURAS ,,,Con Daño,,,,
,,OCSSA005762,DE CONSULTA EXTERNA,NUEVO ZOQUIAPAM,20,OAXACA,504,NUEVO ZOQUIÁPAM,17.287,-96.6201,0,4,,SI,MENOR,DESLAVE EN LA PARTE POSTERIOR DE LA BODEGA ,,,Con Daño,,,,
,,OCSSA006066,DE CONSULTA EXTERNA,SANTO TOMÁS JALIEZA,20,OAXACA,530,SANTO TOMÁS JALIEZA,16.8447,-96.6725,0,2,,SI,MEDIO,PRESENTA CUARTEADURAS EN SU INFRAESTRUCTURA.,,,Con Daño,,,,
,,OCSSA006170,DE CONSULTA EXTERNA,TEOCOCUILCO DE MARCOS PEREZ,20,OAXACA,544,TEOCOCUILCO DE MARCOS PÉREZ,17.3523,-96.6161,0,4,,SI,MEDIO,SE REPORTAN GRIETAS,,,Con Daño,,,,
,,OCSSA006486,DE CONSULTA EXTERNA,CSU 04 ZIMATLAN DE ALVAREZ,20,OAXACA,570,ZIMATLÁN DE ÁLVAREZ,16.8668,-96.7773,0,1,,SI,MEDIO,PRESENTA  CUARTEADURAS,,,Con Daño,,,,
,,OCSSA006701,DE CONSULTA EXTERNA,LOMAS DE SAN JACINTO,20,OAXACA,67,OAXACA DE JUÁREZ,17.0915,-96.7295,0,2,,SI,MEDIO,PRESENTA  CUARTEADURAS,,,Con Daño,,,,
,,OCSSA006865,DE CONSULTA EXTERNA,SAN JUAN YUCUITA,20,OAXACA,224,SAN JUAN YUCUITA,17.5113,-97.2727,0,3,,SI,MEDIO,GRIETAS EN BODEGA Y BARDA,,,Con Daño,,,,
,,OCSSA006870,DE CONSULTA EXTERNA,SAN MARTÍN HUAMELULPAM,20,OAXACA,239,SAN MARTÍN HUAMELÚLPAM,17.3971,-97.6031,0,4,,SI,MENOR,DESPENDIMIENTO DE AZULEJOS,,,Con Daño,,,,
,,OCSSA006894,DE CONSULTA EXTERNA,SOLEDAD PERAS,20,OAXACA,273,SAN MIGUEL PERAS,16.9658,-96.9369,0,4,,SI,MEDIO,DAÑOS ESTRUCTURALES CUARTEADURAS Y FALTA DE ENERGIA ELECTRICA,,,Con Daño,,,,
,,OCSSA006964,DE CONSULTA EXTERNA,BUENAVISTA DE JUÁREZ,20,OAXACA,377,SANTA CRUZ ITUNDUJIA,16.7242,-97.6103,0,4,,SI,MEDIO,PRESENTA GRIETAS  ,,,Con Daño,,,,
,,OCSSA007162,DE CONSULTA EXTERNA,CSU 04 GUADALUPE VICTORIA,20,OAXACA,67,OAXACA DE JUÁREZ,17.0946,-96.7192,0,4,,SI,MEDIO,PRESENTA  CUARTEADURAS,,,Con Daño,,,,
,,OCSSA007273,DE CONSULTA EXTERNA,TRINIDAD DE VIGUERA,20,OAXACA,67,OAXACA DE JUÁREZ,17.129,-96.7562,0,0,,SI,MEDIO,PRESENTA  CUARTEADURAS,,,Con Daño,,,,
,,OCSSA007471,DE CONSULTA EXTERNA,VICENTE GUERRERO,20,OAXACA,565,VILLA DE ZAACHILA,16.9326,-96.7011,0,2,,SI,MEDIO,PRESENTA  CUARTEADURAS,,,Con Daño,,,,
,,OCSSA007483,DE HOSPITALIZACIÓN,HOSPITAL REGIONAL DE ALTA ESPECIALIDAD DE OAXACA,20,OAXACA,115,SAN BARTOLO COYOTEPEC,16.948091,-96.713217,66,29,,SI,MENOR,DAÑOS ESTRUCTURALES / MÚLTIPLES FISURAS MENORES,,,Con Daño,,,,
,,OCSSA007570,DE CONSULTA EXTERNA,SAN PEDRO AYACAXTEPEC,20,OAXACA,394,SANTA MARÍA ALOTEPEC,17.1192,-95.8803,0,2,,SI,MENOR,REPORTA CAIDA DE LOSETAS ,,,Con Daño,,,,
,,OCSSA014094,DE CONSULTA EXTERNA,CSU COLONIA ESTRELLA,20,OAXACA,67,OAXACA DE JUÁREZ,17.06777778,-96.72,0,0,,SI,MENOR,"DESPRENDIMIENTO DE LOSETAS, NO AFECTA FUNCIONAMIENTO DE LA UNIDAD",,,Con Daño,,,,
,,OCSSA016711,DE CONSULTA EXTERNA,PUEBLO NUEVO,20,OAXACA,67,OAXACA DE JUÁREZ,17.1125,-96.7525,0,2,,SI,MEDIO,PRESENTA  CUARTEADURAS,,,Con Daño,,,,
,,OCSSA016764,DE HOSPITALIZACIÓN,HG CIUDAD IXTEPEC,20,OAXACA,14,CIUDAD IXTEPEC,16.55864123,-95.11806959,30,0,,SI,MAYOR,DAÑOS ESTRUCTURALES FRACTURAS,,,Con Daño,,,,
,,OCSSA018473,DE HOSPITALIZACIÓN,HG TEHUANTEPEC,20,OAXACA,515,SANTO DOMINGO TEHUANTEPEC,16.29078183,-95.23291815,30,0,,SI,MENOR,DAÑOS MENORES EN APLANADOS Y JUNTAS CONSTRUCTIVAS,,,Con Daño,,,,
,,OCSSA018666,DE CONSULTA EXTERNA,R 02 SAN AGUSTIN YATARENI,20,OAXACA,87,SAN AGUSTÍN YATARENI,17.0806,-96.6681,0,2,,SI,MEDIO,PRESENTA  CUARTEADURAS,,,Con Daño,,,,
,,OCSSA018695,DE CONSULTA EXTERNA,SAN SEBASTIAN DE LA GRUTAS,20,OAXACA,277,VILLA SOLA DE VEGA,16.6319,-96.9572,0,1,,SI,MEDIO,PRESENTA  CUARTEADURAS,,,Con Daño,,,,
,,OCSSA018700,DE CONSULTA EXTERNA,SANTA CATARINA MINAS,20,OAXACA,368,SANTA CATARINA MINAS,16.7795,-96.6155,0,4,,SI,MEDIO,PRESENTA GRIETAS  ,,,Con Daño,,,,
,,OCSSA018794,DE CONSULTA EXTERNA,CENTRO DE SALUD DE YUVILA,20,OAXACA,363,SANTA CATARINA IXTEPEJI,17.1803,-96.5733,0,2,,SI,MEDIO,CUARTEADURAS EN ÁREAS DE FARMACIA,,,Con Daño,,,,
,,OCSSA018835,DE CONSULTA EXTERNA,GUADALUPE MIRAMAR,20,OAXACA,446,SANTA MARÍA YUCUHITI,17.0011,-97.7989,0,3,,SI,MENOR,2 VENTANAS ROTAS,,,Con Daño,,,,
,,OCSSA019115,DE CONSULTA EXTERNA,LAZARO CARDENAS YUCUNICOCO,20,OAXACA,469,SANTIAGO JUXTLAHUACA,17.2489,-97.9406,0,3,,SI,MEDIO,PRESENTA GRIETAS  ,,,Con Daño,,,,
,,OCSSA019231,DE CONSULTA EXTERNA,SAN FRANCISCO TUTLA,20,OAXACA,390,SANTA LUCÍA DEL CAMINO,17.0663,-96.6666,0,4,,SI,MEDIO,PRESENTA GRIETAS  ,,,Con Daño,,,,
,,OCSSA019243,DE CONSULTA EXTERNA,LA ARENA,20,OAXACA,516,SANTO DOMINGO TEOJOMULCO,16.5375,-97.3147,0,3,,SI,MENOR,RE REPORTAN FILTRACIONES ,,,Con Daño,,,,
,,OCSSA019844,DE HOSPITALIZACIÓN,HC LOMA BONITA,20,OAXACA,44,LOMA BONITA,18.12023941,-95.8855837,12,10,,SI,MENOR,DAÑOS MENORES EN LA INFRAESTRUCTURA Y FISURA EN CONSULTORIO DE CONSULTA EXTERNA. DESPRENDIMIENTO DE REPELLO EN AREA DE ALMACEN SE ENCUENTRA FUNCIONANDO DENTRO DE LA NORMALIDAD,,,Con Daño,,,,
,,OCSSA019873,DE HOSPITALIZACIÓN,HG SALINA CRUZ,20,OAXACA,79,SALINA CRUZ,16.241659,-95.20995048,63,0,,SI,MENOR,"DAÑOS MENORES EN APLANADOS Y JUNTAS CONSTRUCTIVAS,  CON FISURAS PERO FUNCIONAL ",,,Con Daño,,,,
,,OCSSA019960,DE CONSULTA EXTERNA,CESA CRUCESITA,20,OAXACA,413,SANTA MARÍA HUATULCO,15.7628,-96.1299,6,2,,SI,MAYOR,PRESENTA CUARTEADURAS EN SU INFRAESTRUCTURA.,,,Con Daño,,,,
,,OCSSA020025,DE HOSPITALIZACIÓN,HC VALLE NACIONAL,20,OAXACA,559,SAN JUAN BAUTISTA VALLE NACIONAL,17.773565,-96.31399,13,9,,SI,MEDIO,PRESENCIA DE GRIETAS EN DOS CONSULTORIOS. NO AFECTA SU FUNCIONAMIENTO,,,Con Daño,,,,
,,OCSSA020100,DE HOSPITALIZACIÓN,HC TEMASCAL,20,OAXACA,278,SAN MIGUEL SOYALTEPEC,18.2405,-96.4018,13,8,,SI,MENOR,DAÑOS MENORES EN PUERTA DE URGENCIAS Y FISURAS EN BAÑO DE CONSULTA EXTERNA LA INFRAESTRUCTURA QUE NO AFECTA SU FUNCIONAMIENTO,,,Con Daño,,,,
,,OCSSA020491,DE CONSULTA EXTERNA,R 01 PRAXEDIS DE GUERRERO,20,OAXACA,68,OCOTLÁN DE MORELOS,16.72,-96.64,0,3,,SI,MEDIO,PRESENTA  CUARTEADURAS,,,Con Daño,,,,
,,OCSSA020590,DE CONSULTA EXTERNA,CES TLALIXTAC DE CABRERA,20,OAXACA,553,TLALIXTAC DE CABRERA,17.0696,-96.6494,6,8,,SI,MENOR,SIN DAÑOS ESTRUCTURALES ,,,Con Daño,,,,
,,OCSSA020730,DE CONSULTA EXTERNA,R 01 EL CARRIZAL,20,OAXACA,277,VILLA SOLA DE VEGA,16.3947,-97.2086,0,2,,SI,MENOR,DESPENDIMIENTO DE AZULEJOS,,,Con Daño,,,,
,,OCSSA021063,DE CONSULTA EXTERNA,R 02 FRACCIONAMIENTO EL RETIRO,20,OAXACA,409,SANTA MARÍA DEL TULE,17.0486,-96.635625,0,2,,SI,MEDIO,PRESENTA GRIETAS  ,,,Con Daño,,,,
,,OCSSA021116,DE HOSPITALIZACIÓN,HC VILLA SOLA VEGA,20,OAXACA,277,VILLA SOLA DE VEGA,16.529185,-96.978974,16,15,,SI,MAYOR,"REPORTA DAÑOS EN INFRAESTRUCTURA EN AREAS DE CONSULTA EXTERNA, GOBIERNO, ARCHIVO CLINICO, SALA DE ESPERA, MEDICINA PREVENTIVA, FACHADAS PERIMETRALES , GRIETAS  DE HASTA UN METRO EN JUNTAS ESTRUCTURALES, DESPERNDIMEINTO DE REPELLO EN MURO DE MEDICAINA PREVENTIVA Y FACHADA PRINCIPAL. , DESPRENDIMIENTO E INCLINACION DE MURO DE PLANTA ALTA DEL AREA DE URGENCIAS ",,,Con Daño,,,,
,,OCSSA021133,DE HOSPITALIZACIÓN,HC SANTA MARIA HUATULCO,20,OAXACA,413,SANTA MARÍA HUATULCO,15.83187272,-96.3176232,13,8,,SI,MENOR,"SIN LUZ ELÉCTRICA, LABORANDO CON PLANTA DE LUZ.",,,Con Daño,,,,
,,OCSSA021256,DE HOSPITALIZACIÓN,HC SAN PEDRO HUAMELULA,20,OAXACA,307,SAN PEDRO HUAMELULA,16.0188337,-95.6663302,13,0,,SI,MENOR,"DAÑOS ESTRUCTURALES LEVES, PERO FUNCIONAL",,,Con Daño,,,,
,,PLSSA000064,DE CONSULTA EXTERNA,CENTRO DE SALUD JILIAPAN,21,PUEBLA,2,ACATENO,20.0755,-97.1911,0,2,,SI,MEDIO,,,,Con Daño,,,,
,,PLSSA000122,DE CONSULTA EXTERNA,CENTRO DE SALUD HERMENEGILDO GALEANA,21,PUEBLA,3,ACATLÁN,18.2558,-98.1002,0,1,,SI,MAYOR,,,,Con Daño,,,,
,,PLSSA000146,DE CONSULTA EXTERNA,CENTRO DE SALUD SAN BERNARDO,21,PUEBLA,3,ACATLÁN,18.2133,-98.1084,0,1,,SI,MAYOR,,,,Con Daño,,,,
,,PLSSA000216,DE CONSULTA EXTERNA,CENTRO DE SALUD SAN MARCOS ELOXOCHITLAN,21,PUEBLA,6,AHUACATLÁN,20.0227,-97.8745,0,2,,SI,MAYOR,,,,Con Daño,,,,
,,PLSSA000250,DE CONSULTA EXTERNA,CENTRO DE SALUD AHUAZOTEPEC,21,PUEBLA,8,AHUAZOTEPEC,20.047,-98.1639,0,2,,SI,MEDIO,,,,Con Daño,,,,
,,PLSSA000262,DE CONSULTA EXTERNA,CENTRO DE SALUD BERISTAIN,21,PUEBLA,8,AHUAZOTEPEC,20.0922,-98.1312,0,2,,SI,MEDIO,,,,Con Daño,,,,
,,PLSSA000291,DE CONSULTA EXTERNA,CENTRO DE SALUD CUAUTOTOLAPA,21,PUEBLA,10,AJALPAN,18.4347,-97.1187,0,2,,SI,MAYOR,,,,Con Daño,,,,
,,PLSSA000315,DE CONSULTA EXTERNA,CENTRO DE SALUD CUAXUXPA,21,PUEBLA,10,AJALPAN,18.4656,-97.0318,0,2,,SI,MAYOR,,,,Con Daño,,,,
,,PLSSA000455,DE CONSULTA EXTERNA,CENTRO DE SALUD DE SAN DIEGO ACAPULCO,21,PUEBLA,19,ATLIXCO,18.8908,-98.4477,0,2,,SI,MAYOR,,,,Con Daño,,,,
,,PLSSA000472,DE CONSULTA EXTERNA,CENTRO DE SALUD ATZALA,21,PUEBLA,21,ATZALA,18.5455,-98.5546,0,3,,SI,MAYOR,,,,Con Daño,,,,
,,PLSSA000484,DE CONSULTA EXTERNA,CENTRO DE SALUD SAN JUAN AMECAC,21,PUEBLA,22,ATZITZIHUACÁN,18.8546,-98.5414,0,2,,SI,MEDIO,,,,Con Daño,,,,
,,PLSSA000542,DE CONSULTA EXTERNA,CENTRO DE SALUD SAN MATEO OZOLCO,21,PUEBLA,26,CALPAN,19.0986,-98.5168,0,2,,SI,MAYOR,,,,Con Daño,,,,
,,PLSSA000566,DE CONSULTA EXTERNA,CENTRO DE SALUD COATZINGO,21,PUEBLA,31,COATZINGO,18.6151,-98.1741,0,4,,SI,MEDIO,,,,Con Daño,,,,
,,PLSSA000571,DE CONSULTA EXTERNA,CENTRO DE SALUD COHETZALA,21,PUEBLA,32,COHETZALA,18.2049,-98.8048,0,4,,SI,MEDIO,,,,Con Daño,,,,
,,PLSSA000711,DE CONSULTA EXTERNA,CENTRO DE SALUD ALMECATLA,21,PUEBLA,41,CUAUTLANCINGO,19.1439,-98.2266,0,2,,SI,MEDIO,,,,Con Daño,,,,
,,PLSSA000723,DE CONSULTA EXTERNA,CENTRO DE SALUD CUAYUCA DE ANDRADE,21,PUEBLA,42,CUAYUCA DE ANDRADE,18.4805,-98.1837,0,2,,SI,MAYOR,,,,Con Daño,,,,
,,PLSSA000776,DE CONSULTA EXTERNA,CENTRO DE SALUD PINAHUISTA,21,PUEBLA,43,CUETZALAN DEL PROGRESO,20.0706,-97.5203,0,2,,SI,MEDIO,,,,Con Daño,,,,
,,PLSSA000793,DE CONSULTA EXTERNA,CENTRO DE SALUD TZICUILAN,21,PUEBLA,43,CUETZALAN DEL PROGRESO,20.0138,-97.5051,0,2,,SI,MEDIO,,,,Con Daño,,,,
,,PLSSA000921,DE CONSULTA EXTERNA,CENTRO DE SALUD PILCAYA,21,PUEBLA,47,CHIAUTLA,18.2326,-98.706,0,2,,SI,MEDIO,,,,Con Daño,,,,
,,PLSSA000945,DE CONSULTA EXTERNA,CENTRO DE SALUD TLANCUALPICAN,21,PUEBLA,47,CHIAUTLA,18.431,-98.702,0,1,,SI,MEDIO,,,,Con Daño,,,,
,,PLSSA000950,DE CONSULTA EXTERNA,CENTRO DE SALUD SAN LORENZO CHIAUTZINGO,21,PUEBLA,48,CHIAUTZINGO,19.2057,-98.4689,0,2,,SI,MEDIO,,,,Con Daño,,,,
,,PLSSA001032,DE CONSULTA EXTERNA,CENTRO DE SALUD CHIETLA,21,PUEBLA,51,CHIETLA,18.5225,-98.5812,0,2,,SI,MEDIO,,,,Con Daño,,,,
,,PLSSA001044,DE CONSULTA EXTERNA,CENTRO DE SALUD AHUEHUETZINGO,21,PUEBLA,51,CHIETLA,18.4845,-98.6346,0,3,,SI,MEDIO,,,,Con Daño,,,,
,,PLSSA001061,DE CONSULTA EXTERNA,CENTRO DE SALUD SAN ANTONIO COAYUCA,21,PUEBLA,51,CHIETLA,18.5562,-98.7068,0,2,,SI,MEDIO,,,,Con Daño,,,,
,,PLSSA001073,DE CONSULTA EXTERNA,CENTRO DE SALUD ESCAPE DE LAGUNILLAS,21,PUEBLA,51,CHIETLA,18.4854,-98.6609,0,4,,SI,MEDIO,,,,Con Daño,,,,
,,PLSSA001085,DE CONSULTA EXTERNA,CENTRO DE SALUD CHIGMECATITLAN,21,PUEBLA,52,CHIGMECATITLÁN,18.6447,-98.0723,0,3,,SI,MEDIO,,,,Con Daño,,,,
,,PLSSA001143,DE CONSULTA EXTERNA,CENTRO DE SALUD CORRAL BLANCO,21,PUEBLA,53,CHIGNAHUAPAN,19.9102,-98.1764,0,2,,SI,MEDIO,,,,Con Daño,,,,
,,PLSSA001225,DE CONSULTA EXTERNA,CENTRO DE SALUD SAN PEDRO OCOTLÁN,21,PUEBLA,56,CHILA DE LA SAL,18.15,-98.4747,0,2,,SI,MEDIO,,,,Con Daño,,,,
,,PLSSA001271,DE CONSULTA EXTERNA,CENTRO DE SALUD CHINANTLA,21,PUEBLA,59,CHINANTLA,18.2022,-98.2621,0,3,,SI,MAYOR,,,,Con Daño,,,,
,,PLSSA001295,DE CONSULTA EXTERNA,CENTRO DE SALUD XONOTIPAN DE JUÁREZ,21,PUEBLA,61,ELOXOCHITLÁN,18.4886,-96.8916,0,1,,SI,MAYOR,,,,Con Daño,,,,
,,PLSSA001300,DE CONSULTA EXTERNA,CENTRO DE SALUD SANTA ANA NECOXTLA,21,PUEBLA,62,EPATLÁN,18.6161,-98.3847,0,2,,SI,MAYOR,,,,Con Daño,,,,
,,PLSSA001493,DE CONSULTA EXTERNA,CENTRO DE SALUD AHUACATLÁN,21,PUEBLA,71,HUAUCHINANGO,20.141,-98.0104,0,2,,SI,MEDIO,,,,Con Daño,,,,
,,PLSSA001534,DE CONSULTA EXTERNA,CENTRO DE SALUD TENANGO DE LAS FLORES,21,PUEBLA,71,HUAUCHINANGO,20.1729,-98.0486,0,1,,SI,MEDIO,,,,Con Daño,,,,
,,PLSSA001674,DE CONSULTA EXTERNA,CENTRO DE SALUD SAN LUIS COYOTZINGO,21,PUEBLA,74,HUEJOTZINGO,19.1984,-98.4384,0,0,,SI,MEDIO,,,,Con Daño,,,,
,,PLSSA001732,DE CONSULTA EXTERNA,CENTRO DE SALUD SAN MIGUEL DEL PROGRESO,21,PUEBLA,78,HUITZILAN DE SERDÁN,19.9906,-97.663,0,2,,SI,MEDIO,,,,Con Daño,,,,
,,PLSSA001756,DE CONSULTA EXTERNA,CENTRO DE SALUD SANTA CLARA HUITZILTEPEC,21,PUEBLA,79,HUITZILTEPEC,18.7711,-97.8825,0,2,,SI,MEDIO,,,,Con Daño,,,,
,,PLSSA001761,DE CONSULTA EXTERNA,CENTRO DE SALUD IXCAMILPA DE GUERRERO,21,PUEBLA,81,IXCAMILPA DE GUERRERO,18.0275,-98.6949,0,3,,SI,MEDIO,,,,Con Daño,,,,
,,PLSSA001773,DE CONSULTA EXTERNA,CENTRO DE SALUD TOLTECAMILA,21,PUEBLA,81,IXCAMILPA DE GUERRERO,17.9668,-98.6206,0,2,,SI,MEDIO,,,,Con Daño,,,,
,,PLSSA001826,DE CONSULTA EXTERNA,CENTRO DE SALUD CRUZ DE LEÓN,21,PUEBLA,83,IXTACAMAXTITLÁN,19.5856,-97.8724,0,1,,SI,MEDIO,,,,Con Daño,,,,
,,PLSSA001872,DE CONSULTA EXTERNA,CENTRO DE SALUD LA UNIÓN,21,PUEBLA,83,IXTACAMAXTITLÁN,19.607,-97.7119,0,2,,SI,MEDIO,,,,Con Daño,,,,
,,PLSSA001925,DE CONSULTA EXTERNA,CENTRO DE SALUD AYUTLA,21,PUEBLA,85,IZÚCAR DE MATAMOROS,18.5431,-98.5049,0,2,,SI,MAYOR,,,,Con Daño,,,,
,,PLSSA001930,DE CONSULTA EXTERNA,CENTRO DE SALUD SAN JUAN COLON,21,PUEBLA,85,IZÚCAR DE MATAMOROS,18.5789,-98.5565,0,2,,SI,MEDIO,,,,Con Daño,,,,
,,PLSSA001942,DE CONSULTA EXTERNA,CENTRO DE SALUD SAN LUCAS COLUCAN,21,PUEBLA,85,IZÚCAR DE MATAMOROS,18.507,-98.4804,0,2,,SI,MEDIO,,,,Con Daño,,,,
,,PLSSA001954,DE CONSULTA EXTERNA,CENTRO DE SALUD MATZACO,21,PUEBLA,85,IZÚCAR DE MATAMOROS,18.5564,-98.4918,0,3,,SI,MEDIO,,,,Con Daño,,,,
,,PLSSA002000,DE CONSULTA EXTERNA,CENTRO DE SALUD JOLALPAN,21,PUEBLA,87,JOLALPAN,18.3296,-98.8441,0,2,,SI,MEDIO,,,,Con Daño,,,,
,,PLSSA002012,DE CONSULTA EXTERNA,CENTRO DE SALUD MITEPEC,21,PUEBLA,87,JOLALPAN,18.2404,-98.9285,0,4,,SI,MEDIO,,,,Con Daño,,,,
,,PLSSA002106,DE HOSPITALIZACIÓN,HOSPITAL GENERAL CIUDAD DE LIBRES,21,PUEBLA,94,LIBRES,19.45775102,-97.6803034,30,10,,SI,MEDIO,,,,Con Daño,,,,
,,PLSSA002123,DE CONSULTA EXTERNA,CENTRO DE SALUD LA CAÑADA,21,PUEBLA,94,LIBRES,19.4987,-97.7342,0,2,,SI,MEDIO,,,,Con Daño,,,,
,,PLSSA002176,DE CONSULTA EXTERNA,CENTRO DE SALUD MOLCAXAC,21,PUEBLA,98,MOLCAXAC,18.732,-97.917,0,5,,SI,MEDIO,,,,Con Daño,,,,
,,PLSSA002321,DE CONSULTA EXTERNA,CENTRO DE SALUD SAN BERNABE TEMOXTITLA,21,PUEBLA,106,OCOYUCAN,19.0059,-98.3272,0,2,,SI,MEDIO,,,,Con Daño,,,,
,,PLSSA002502,DE HOSPITALIZACIÓN,HOSPITAL PSIQUIÁTRICO DR. RAFAEL SERRANO,21,PUEBLA,114,PUEBLA,18.98813245,-98.18260778,347,22,,SI,MEDIO,,,,Con Daño,,,,
,,PLSSA003091,DE CONSULTA EXTERNA,CENTRO DE SALUD SAN JUAN ATZINGO,21,PUEBLA,124,SAN GABRIEL CHILAC,18.3061,-97.3903,0,2,,SI,MEDIO,,,,Con Daño,,,,
,,PLSSA003103,DE CONSULTA EXTERNA,CENTRO DE SALUD SAN JOSÉ OZUMBA,21,PUEBLA,128,SAN JOSÉ CHIAPA,19.2347,-97.729,0,1,,SI,MEDIO,,,,Con Daño,,,,
,,PLSSA003190,DE CONSULTA EXTERNA,CENTRO DE SALUD SAN MARTÍN TOTOLTEPEC,21,PUEBLA,133,SAN MARTÍN TOTOLTEPEC,18.6497,-98.3465,0,6,,SI,MEDIO,,,,Con Daño,,,,
,,PLSSA003226,DE CONSULTA EXTERNA,CENTRO DE SALUD SAN MIGUEL IXITLAN,21,PUEBLA,135,SAN MIGUEL IXITLÁN,18.0004,-97.774,0,2,,SI,MAYOR,,,,Con Daño,,,,
,,PLSSA003482,DE CONSULTA EXTERNA,CENTRO DE SALUD HUEHUETLAN EL GRANDE,21,PUEBLA,150,HUEHUETLÁN EL GRANDE,18.74,-98.1631,0,4,,SI,MAYOR,,,,Con Daño,,,,
,,PLSSA003523,DE CONSULTA EXTERNA,CENTRO DE SALUD CONCEPCIÓN CUAUTLA,21,PUEBLA,153,TECALI DE HERRERA,18.8665,-97.9802,0,2,,SI,MEDIO,,,,Con Daño,,,,
,,PLSSA003535,DE CONSULTA EXTERNA,CENTRO DE SALUD SAN LUIS AJAJALPAN,21,PUEBLA,153,TECALI DE HERRERA,18.9397,-97.9322,0,1,,SI,MEDIO,,,,Con Daño,,,,
,,PLSSA003646,DE HOSPITALIZACIÓN,HOSPITAL COMUNITARIO TECOMATLAN,21,PUEBLA,155,TECOMATLÁN,18.11739195,-98.31344065,0,2,,SI,MEDIO,,,,Con Daño,,,,
,,PLSSA003651,DE CONSULTA EXTERNA,CENTRO DE SALUD CENTRO DE SALUD MIXQUIAPAN,21,PUEBLA,155,TECOMATLÁN,18.0997,-98.2967,0,1,,SI,MAYOR,,,,Con Daño,,,,
,,PLSSA003663,DE HOSPITALIZACIÓN,HOSPITAL GENERAL TEHUACAN,21,PUEBLA,156,TEHUACÁN,18.4479194,-97.419492,115,37,,SI,MEDIO,,,,Con Daño,,,,
,,PLSSA003745,DE CONSULTA EXTERNA,CENTRO DE SALUD TEHUITZINGO,21,PUEBLA,157,TEHUITZINGO,18.331,-98.2705,0,2,,SI,MEDIO,,,,Con Daño,,,,
,,PLSSA003762,DE CONSULTA EXTERNA,CENTRO DE SALUD TEOTLALCO,21,PUEBLA,160,TEOTLALCO,18.4675,-98.7796,0,2,,SI,MEDIO,,,,Con Daño,,,,
,,PLSSA003774,DE CONSULTA EXTERNA,CENTRO DE SALUD TEPANCO DE LÓPEZ,21,PUEBLA,161,TEPANCO DE LÓPEZ,18.5569,-97.5616,0,0,,SI,MEDIO,,,,Con Daño,,,,
,,PLSSA003885,DE CONSULTA EXTERNA,CENTRO DE SALUD TEPEMAXALCO,21,PUEBLA,165,TEPEMAXALCO,18.7369,-98.6273,0,2,,SI,MAYOR,,,,Con Daño,,,,
,,PLSSA003890,DE CONSULTA EXTERNA,CENTRO DE SALUD TEPEOJUMA,21,PUEBLA,166,TEPEOJUMA,18.7217,-98.4517,0,5,,SI,MAYOR,,,,Con Daño,,,,
,,PLSSA003902,DE CONSULTA EXTERNA,CENTRO DE SALUD XOYATLA,21,PUEBLA,166,TEPEOJUMA,18.7516,-98.3929,0,2,,SI,MEDIO,,,,Con Daño,,,,
,,PLSSA003943,DE CONSULTA EXTERNA,CENTRO DE SALUD TEPEXCO,21,PUEBLA,168,TEPEXCO,18.6408,-98.6891,0,2,,SI,MEDIO,,,,Con Daño,,,,
,,PLSSA003955,DE CONSULTA EXTERNA,CENTRO DE SALUD CALMECA,21,PUEBLA,168,TEPEXCO,18.6368,-98.629,0,0,,SI,MEDIO,,,,Con Daño,,,,
,,PLSSA004066,DE CONSULTA EXTERNA,CENTRO DE SALUD TETELES,21,PUEBLA,173,TETELES DE AVILA CASTILLO,19.8563,-97.4561,0,1,,SI,MEDIO,,,,Con Daño,,,,
,,PLSSA004083,DE CONSULTA EXTERNA,CENTRO DE SALUD LA LEGUA,21,PUEBLA,174,TEZIUTLÁN,19.8402,-97.335,0,2,,SI,MEDIO,,,,Con Daño,,,,
,,PLSSA004112,DE CONSULTA EXTERNA,CENTRO DE SALUD TILAPA,21,PUEBLA,176,TILAPA,18.5887,-98.5544,0,2,,SI,MAYOR,,,,Con Daño,,,,
,,PLSSA004281,DE CONSULTA EXTERNA,CENTRO DE SALUD SAN JUAN CUAUHTÉMOC,21,PUEBLA,180,TLAHUAPAN,19.3885,-98.5984,0,2,,SI,MEDIO,,,,Con Daño,,,,
,,PLSSA004322,DE CONSULTA EXTERNA,CENTRO DE SALUD SANTIAGO COLTZINGO,21,PUEBLA,180,TLAHUAPAN,19.3809,-98.5347,0,3,,SI,MEDIO,,,,Con Daño,,,,
,,PLSSA004421,DE CONSULTA EXTERNA,CENTRO DE SALUD OCOTLAN,21,PUEBLA,186,TLATLAUQUITEPEC,19.7947,-97.5362,0,2,,SI,MAYOR,,,,Con Daño,,,,
,,PLSSA004433,DE CONSULTA EXTERNA,CENTRO DE SALUD TEPETENO DE ITURBIDE,21,PUEBLA,186,TLATLAUQUITEPEC,19.7939,-97.4951,0,2,,SI,MEDIO,,,,Con Daño,,,,
,,PLSSA004503,DE HOSPITALIZACIÓN,HOSPITAL COMUNITARIO TULCINGO DE VALLE,21,PUEBLA,191,TULCINGO,18.0352187,-98.44592387,0,2,,SI,MEDIO,,,,Con Daño,,,,
,,PLSSA004585,DE CONSULTA EXTERNA,CENTRO DE SALUD RANCHO NUEVO,21,PUEBLA,195,VICENTE GUERRERO,18.5786,-97.2246,0,1,,SI,MEDIO,,,,Con Daño,,,,
,,PLSSA004655,DE CONSULTA EXTERNA,CENTRO DE SALUD SANTA RITA,21,PUEBLA,197,XICOTEPEC,20.3654,-97.8162,0,2,,SI,MEDIO,,,,Con Daño,,,,
,,PLSSA004742,DE CONSULTA EXTERNA,CENTRO DE SALUD CUAXIMALOYAN,21,PUEBLA,200,XOCHIAPULCO,19.872,-97.6617,0,2,,SI,MEDIO,,,,Con Daño,,,,
,,PLSSA004754,DE CONSULTA EXTERNA,CENTRO DE SALUD XOCHILTEPEC,21,PUEBLA,201,XOCHILTEPEC,18.6492,-98.3411,0,2,,SI,MEDIO,,,,Con Daño,,,,
,,PLSSA004870,DE CONSULTA EXTERNA,CENTRO DE SALUD ATACPAN,21,PUEBLA,207,ZACAPOAXTLA,19.8445,-97.5556,0,2,,SI,MEDIO,,,,Con Daño,,,,
,,PLSSA004894,DE CONSULTA EXTERNA,CENTRO DE SALUD LAS LOMAS,21,PUEBLA,207,ZACAPOAXTLA,19.8764,-97.5872,0,1,,SI,MEDIO,,,,Con Daño,,,,
,,PLSSA004940,DE CONSULTA EXTERNA,CENTRO DE SALUD XOCHITEPEC,21,PUEBLA,207,ZACAPOAXTLA,19.921,-97.5603,0,2,,SI,MEDIO,,,,Con Daño,,,,
,,PLSSA004964,DE CONSULTA EXTERNA,CENTRO DE SALUD URBANO ZACATLÁN,21,PUEBLA,208,ZACATLÁN,19.9389,-97.9628,0,0,,SI,MEDIO,,,,Con Daño,,,,
,,PLSSA004993,DE CONSULTA EXTERNA,CENTRO DE SALUD JICOLAPA,21,PUEBLA,208,ZACATLÁN,19.9672,-97.9664,0,2,,SI,MEDIO,,,,Con Daño,,,,
,,PLSSA005046,DE CONSULTA EXTERNA,CENTRO DE SALUD TLALIXTLIPA,21,PUEBLA,208,ZACATLÁN,20.0122,-97.9808,0,2,,SI,MAYOR,,,,Con Daño,,,,
,,PLSSA005133,DE CONSULTA EXTERNA,CENTRO DE SALUD PLAN DE AYALA,21,PUEBLA,211,ZARAGOZA,19.724,-97.5809,0,2,,SI,MEDIO,,,,Con Daño,,,,
,,PLSSA005203,DE CONSULTA EXTERNA,CENTRO DE SALUD LOMA BONITA,21,PUEBLA,213,ZIHUATEUTLA,20.2803,-97.8305,0,1,,SI,MEDIO,,,,Con Daño,,,,
,,PLSSA005215,DE CONSULTA EXTERNA,CENTRO DE SALUD ZINACATEPEC,21,PUEBLA,214,ZINACATEPEC,18.3336,-97.2474,0,2,,SI,MAYOR,,,,Con Daño,,,,
,,PLSSA005302,DE CONSULTA EXTERNA,CENTRO DE SALUD SAN ANTONIO CACALOTEPEC,21,PUEBLA,119,SAN ANDRÉS CHOLULA,18.9944,-98.2967,0,2,,SI,MEDIO,,,,Con Daño,,,,
,,PLSSA005360,DE CONSULTA EXTERNA,CENTRO DE SALUD SAN RAFAEL LA PAZ,21,PUEBLA,66,GUADALUPE,17.9962,-98.1209,0,3,,SI,MEDIO,,,,Con Daño,,,,
,,PLSSA005396,DE CONSULTA EXTERNA,CENTRO DE SALUD SAN SALVADOR CHACHAPA,21,PUEBLA,15,AMOZOC,19.0477,-98.097,0,3,,SI,MEDIO,,,,Con Daño,,,,
,,PLSSA005413,DE CONSULTA EXTERNA,CENTRO DE SALUD SAN JOSÉ CARPINTEROS,21,PUEBLA,164,TEPEACA,18.9938,-97.9143,0,2,,SI,MEDIO,,,,Con Daño,,,,
,,PLSSA005495,DE CONSULTA EXTERNA,CENTRO DE SALUD CASA BLANCA,21,PUEBLA,15,AMOZOC,19.0431,-98.1257,0,5,,SI,MEDIO,,,,Con Daño,,,,
,,PLSSA005541,DE CONSULTA EXTERNA,CENTRO DE SALUD JOSÉ MARÍA PINO SUÁREZ,21,PUEBLA,161,TEPANCO DE LÓPEZ,18.5121,-97.4948,0,1,,SI,MEDIO,,,,Con Daño,,,,
,,PLSSA005652,DE CONSULTA EXTERNA,CENTRO DE SALUD CONCEPCIÓN CAPULAC,21,PUEBLA,15,AMOZOC,19.0938,-98.0613,0,2,,SI,MEDIO,,,,Con Daño,,,,
,,PLSSA005681,DE CONSULTA EXTERNA,CENTRO DE SALUD SAN JOSÉ AXUXCO,21,PUEBLA,129,SAN JOSÉ MIAHUATLÁN,18.231,-97.2065,0,2,,SI,MEDIO,,,,Con Daño,,,,
,,PLSSA005710,DE HOSPITALIZACIÓN,HOSPITAL DE LA MUJER,21,PUEBLA,114,PUEBLA,18.98604737,-98.24082071,0,2,,SI,MEDIO,,,,Con Daño,,,,
,,PLSSA005886,DE CONSULTA EXTERNA,CENTRO DE SALUD DOS NÚCLEOS + 1 DENTAL HUEHUETLÁN EL CHICO,21,PUEBLA,73,HUEHUETLÁN EL CHICO,18.40957465,-98.70237828,0,2,,SI,MAYOR,,,,Con Daño,,,,
,,PLSSA005903,DE CONSULTA EXTERNA,CENTRO DE SALUD 1 NÚCLEO BÁSICO ATENCINGO,21,PUEBLA,51,CHIETLA,18.54357973,-98.61495436,0,2,,SI,MAYOR,,,,Con Daño,,,,
,,PLSSA006125,DE CONSULTA EXTERNA,CENTRO DE SALUD SAN JUAN EPATLÁN,21,PUEBLA,62,EPATLÁN,18.649401,-98.372007,0,2,,SI,MEDIO,,,,Con Daño,,,,
,,PLSSA006154,DE CONSULTA EXTERNA,CENTRO REGIONAL DE DESARROLLO INFANTIL Y ESTIMULACIÓN TEMPRANA (CEREDI),21,PUEBLA,114,PUEBLA,18.9707855,-98.1853541,0,2,,SI,MEDIO,,,,Con Daño,,,,
,,PLSSA008263,DE CONSULTA EXTERNA,CENTRO DE SALUD DE SERVICIOS AMPLIADOS DE XICOTEPEC,21,PUEBLA,197,XICOTEPEC,0,0,0,6,,SI,MEDIO,,,,Con Daño,,,,
,,PLSSA008272,DE HOSPITALIZACIÓN,HOSPITAL DE LA MUJER Y NEONATOLOGÍA,21,PUEBLA,156,TEHUACÁN,19.43950589,-99.21862537,52,48,,SI,MEDIO,,,,Con Daño,,,,
,,PLSSA008461,DE CONSULTA EXTERNA,CENTRO DE SALUD CON SERVICIOS AMPLIADOS DE TLACHICHUCA,21,PUEBLA,179,TLACHICHUCA,19.1175,-97.426111,0,5,,SI,MEDIO,,,,Con Daño,,,,
,,PLSSA008470,DE CONSULTA EXTERNA,CENTRO DE SALUD XOCHITLAN,21,PUEBLA,202,XOCHITLÁN DE VICENTE SUÁREZ,20.62416667,-97.62888889,0,1,,SI,MEDIO,,,,Con Daño,,,,
,,PLSSA008521,DE CONSULTA EXTERNA,CENTRO DE SALUD SAN BARTOLO TEONTEPEC,21,PUEBLA,161,TEPANCO DE LÓPEZ,18.48777778,-97.53194444,0,2,,SI,MEDIO,,,,Con Daño,,,,
,,PLSSA008641,DE HOSPITALIZACIÓN,HOSPITAL GENERAL TLATLAUQUITEPEC,21,PUEBLA,186,TLATLAUQUITEPEC,19.8411228,-97.4980122,30,28,,SI,MEDIO,,,,Con Daño,,,,
,,PLSSA008872,DE CONSULTA EXTERNA,CENTRO DE SALUD CON SERVICIOS AMPLIADOS (CESSA) TLATLAUQUITEPEC,21,PUEBLA,186,TLATLAUQUITEPEC,19.8374538,-9750027272,2,11,,SI,MAYOR,,,,Con Daño,,,,
,,PLSSA008881,DE HOSPITALIZACIÓN,HOSPITAL PARA EL NIÑO POBLANO,21,PUEBLA,119,SAN ANDRÉS CHOLULA,19.035,-98.24444444,2,11,,SI,MEDIO,,,,Con Daño,,,,
,,PLSSA008974,DE CONSULTA EXTERNA,CENTRO DE SALUD CON SERVICIOS AMPLIADOS (CESSA) TEZIUTLÁN,21,PUEBLA,174,TEZIUTLÁN,19.8025578,-97.36556972,0,12,,SI,MEDIO,,,,Con Daño,,,,
,,PLSSA009010,DE CONSULTA EXTERNA,CENTRO DE SALUD URBANO CHIAUTLA DE TAPIA,21,PUEBLA,47,CHIAUTLA,18.3056,-98.6069,0,4,,SI,MEDIO,,,,Con Daño,,,,
,,PLSSA009061,DE CONSULTA EXTERNA,CENTRO DE SALUD CON SERVICIOS AMPLIADOS (CESSA) CAÑADA MORELOS,21,PUEBLA,99,CAÑADA MORELOS,18.740999,-97.416815,0,3,,SI,MEDIO,,,,Con Daño,,,,
,,PLSSA009103,DE CONSULTA EXTERNA,CENTRO DE SALUD SANTA CRUZ TEOTLALCO,21,PUEBLA,160,TEOTLALCO,18.49722222,-98.79472222,0,4,,SI,MAYOR,,,,Con Daño,,,,
,,PLSSA009121,DE CONSULTA EXTERNA,CESSA LIBRES,21,PUEBLA,94,LIBRES,19.478355,-97.67732,0,6,,SI,MEDIO,,,,Con Daño,,,,
,,PLSSA009250,DE CONSULTA EXTERNA,MÓDULO DE MEDICINA TRADICIONAL AHUACATLÁN,21,PUEBLA,6,AHUACATLÁN,20.006906,-97.855366,0,0,,SI,MEDIO,,,,Con Daño,,,,
,,PLSSA009292,DE HOSPITALIZACIÓN,HOSPITAL GENERAL DE ATLIXCO GONZALO RÍO ARRONTE,21,PUEBLA,19,ATLIXCO,18.902668,-98.415711,0,3,,SI,MAYOR,,,,Con Daño,,,,
,,PLSSA009352,DE CONSULTA EXTERNA,CENTRO DE SALUD ZARAGOZA INSURGENTES,21,PUEBLA,114,PUEBLA,19.005244,-98.18192,0,1,,SI,MEDIO,,,,Con Daño,,,,
,,PLSSA009394,DE HOSPITALIZACIÓN,HOSPITAL DE TRAUMATOLOGÍA Y ORTOPEDIA DOCTOR Y GENERAL RAFAEL MORENO VALLE,21,PUEBLA,114,PUEBLA,19.086729,-98.198953,0,2,,SI,MEDIO,,,,Con Daño,,,,
,,PLSSA009403,DE CONSULTA EXTERNA,CENTRO DE SALUD TEPANTILOYAN,21,PUEBLA,204,YAONÁHUAC,19.867372,-97.470856,0,5,,SI,MEDIO,,,,Con Daño,,,,
,,PLSSA014653,DE CONSULTA EXTERNA,CENTRO DE SALUD TEZOHUATEPEC,21,PUEBLA,54,CHIGNAUTLA,19.8109,-97.398,0,2,,SI,MEDIO,,,,Con Daño,,,,
,,PLSSA014700,DE APOYO,OFICINA JURISDICCIONAL,21,PUEBLA,207,ZACAPOAXTLA,19.8766,-97.5899,0,0,,SI,MEDIO,,,,Con Daño,,,,
,,PLSSA014712,DE APOYO,OFICINA JURISDICCIONAL,21,PUEBLA,142,SAN SALVADOR EL SECO,19.1368,-97.646,0,0,,SI,MEDIO,,,,Con Daño,,,,
,,PLSSA014736,DE APOYO,OFICINA ESTATAL,21,PUEBLA,114,PUEBLA,19.0398,-98.1912,0,0,,SI,MEDIO,,,,Con Daño,,,,
,,PLSSA014741,DE APOYO,OFICINA JURISDICCIONAL,21,PUEBLA,114,PUEBLA,19.0398,-98.1912,0,0,,SI,MAYOR,,,,Con Daño,,,,
,,PLSSA014753,DE APOYO,OFICINA JURISDICCIONAL,21,PUEBLA,85,IZÚCAR DE MATAMOROS,18.5998,-98.4872,0,0,,SI,MAYOR,,,,Con Daño,,,,
,,PLSSA014765,DE APOYO,OFICINA JURISDICCIONAL,21,PUEBLA,3,ACATLÁN,18.2048,-98.0393,0,0,,SI,MAYOR,,,,Con Daño,,,,
,,PLSSA015016,DE APOYO,LABORATORIO ESTATAL,21,PUEBLA,114,PUEBLA,19.0398,-98.1912,0,0,,SI,MEDIO,,,,Con Daño,,,,
,,PLSSA015242,DE CONSULTA EXTERNA,CENTRO DE SALUD AYEHUALULCO,21,PUEBLA,208,ZACATLÁN,19.9646,-97.9515,0,2,,SI,MEDIO,,,,Con Daño,,,,
,,PLSSA015254,DE CONSULTA EXTERNA,CENTRO DE SALUD EL TRIUNFO,21,PUEBLA,50,CHICHIQUILA,19.228,-97.0437,0,2,,SI,MEDIO,,,,Con Daño,,,,
,,PLSSA015382,DE CONSULTA EXTERNA,CENTRO DE SALUD URBANO 2A AMPLIACIÓN UNIÓN ANTORCHISTA-ESPERANZA,21,PUEBLA,114,PUEBLA,18.9592,-98.2627,0,2,,SI,MEDIO,,,,Con Daño,,,,
,,PLSSA015411,DE HOSPITALIZACIÓN,HOSPITAL COMUNITARIO DR. MIGUEL ANGEL COBOS MARIN,21,PUEBLA,82,IXCAQUIXTLA,18.45105389,-97.83287818,0,2,,SI,MEDIO,,,,Con Daño,,,,
,,PLSSA015423,DE HOSPITALIZACIÓN,HOSPITAL GENERAL DE TEPEACA,21,PUEBLA,164,TEPEACA,18.99334584,-97.90435368,0,2,,SI,MEDIO,,,,Con Daño,,,,
,,PLSSA015505,DE CONSULTA EXTERNA,UNEME CAPASITS ACATLÁN DE OSORIO,21,PUEBLA,3,ACATLÁN,18.2216,-98.0346,0,0,,SI,MEDIO,,,,Con Daño,,,,
,,PLSSA015522,DE CONSULTA EXTERNA,CENTRO DE SALUD SAN NICOLÁS TOLENTINO,21,PUEBLA,85,IZÚCAR DE MATAMOROS,18.5511,-98.5031,0,4,,SI,MEDIO,,,,Con Daño,,,,
,,PLSSA015575,DE CONSULTA EXTERNA,CENTRO DE SALUD SAN FRANCISCO XOCHITEOPAN,21,PUEBLA,22,ATZITZIHUACÁN,18.8044,-98.6244,0,2,,SI,MEDIO,,,,Con Daño,,,,
,,PLSSA015604,DE CONSULTA EXTERNA,CENTRO DE SALUD BARRIO TLACAMILCO.,21,PUEBLA,1,ACAJETE,19.1037,-97.9542,0,2,,SI,MEDIO,,,,Con Daño,,,,
,,PLSSA015674,DE CONSULTA EXTERNA,CENTRO DE SALUD ALTA LUZ CUATRO RAYAS,21,PUEBLA,82,IXCAQUIXTLA,18.5064,-97.8739,0,2,,SI,MAYOR,,,,Con Daño,,,,
,,PLSSA015691,DE CONSULTA EXTERNA,CENTRO DE SALUD TACOPAN,21,PUEBLA,17,ATEMPAN,19.8388,-97.4305,0,1,,SI,MEDIO,,,,Con Daño,,,,
,,PLSSA015703,DE CONSULTA EXTERNA,CENTRO DE SALUD SAN FRANCISCO,21,PUEBLA,199,XIUTETELCO,19.7772,-97.3281,0,1,,SI,MEDIO,,,,Con Daño,,,,
,,PLSSA015756,DE CONSULTA EXTERNA,CENTRO DE SALUD SAN ANTONIO CHILTEPEC,21,PUEBLA,66,GUADALUPE,18.0047,-98.1785,0,3,,SI,MEDIO,,,,Con Daño,,,,
,,PLSSA015995,DE CONSULTA EXTERNA,CENTRO DE SALUD CON SERVICIOS AMPLIADOS DE TLAPANALÁ,21,PUEBLA,185,TLAPANALÁ,18.6978,-98.5367,2,2,,SI,MEDIO,,,,Con Daño,,,,
,,PLSSA016806,DE HOSPITALIZACIÓN,HOSPITAL GENERAL DE IZUCAR DE MATAMOROS,21,PUEBLA,85,IZÚCAR DE MATAMOROS,18.59044161,-98.45043534,0,0,,SI,MAYOR,,,,Con Daño,,,,
,,PLSSA016811,DE HOSPITALIZACIÓN,HOSPITAL COMUNITARIO ZACAPALA,21,PUEBLA,206,ZACAPALA,18.59786772,-98.06497337,0,0,,SI,MEDIO,,,,Con Daño,,,,
,,PLSSA016864,DE CONSULTA EXTERNA,CENTRO DE SALUD COYOLAPA,21,PUEBLA,217,ZOQUITLÁN,18.415,-96.8836,0,2,,SI,MEDIO,,,,Con Daño,,,,
,,PLSSA016893,DE HOSPITALIZACIÓN,HOSPITAL GENERAL TECAMACHALCO,21,PUEBLA,154,TECAMACHALCO,18.87931574,-97.71411169,0,2,,SI,MEDIO,,,,Con Daño,,,,
,,PLSSA017083,DE CONSULTA EXTERNA,CENTRO DE SALUD HUAQUECHULA,21,PUEBLA,69,HUAQUECHULA,18.76833333,-98.53777778,0,2,,SI,MEDIO,,,,Con Daño,,,,
,,PLSSA017134,DE CONSULTA EXTERNA,CESSA LA LIBERTAD,21,PUEBLA,114,PUEBLA,19.0685,-98.233339,0,5,,SI,MEDIO,,,,Con Daño,,,,
,,TCSSA001052,DE HOSPITALIZACIÓN,HOSPITAL REGIONAL DE ALTA ESPECIALIDAD DR. GUSTAVO A. ROVIROSA PÉREZ,27,TABASCO,4,CENTRO,18.01283988,-92.9236632,142,90,,SI,MEDIO,"SE REVISO ENCONTRANDO FISURAS HORIZONTALES EN MURO DE ESCALERA, FISURAS VERTICALES Y HORIZONTALES EN UCIN, FISURA HORIZONTAL EN MURO DEL MURAL, FISURA VERTICAL Y DESPRENDIMIENTO DE AZULEJO EN TOCOCIRUGIA, NINGUNA COMPROMETE LA ESTRUCTURA DE LAS AREAS, NO REPRESENTA PELIGRO ",,,Con Daño,,,,
,,TCSSA001076,DE HOSPITALIZACIÓN,HOSPITAL REGIONAL DE ALTA ESPECIALIDAD DE LA MUJER,27,TABASCO,4,CENTRO,17.976466,-92.95339,84,84,,SI,MEDIO,"SE REVISO ENCONTRANDO FISURA EN MURO DE ESCALERA, NO REPRESENTA PELIGRO",,,Con Daño,,,,
,,TCSSA001081,DE HOSPITALIZACIÓN,HOSPITAL REGIONAL DE ALTA ESPECIALIDAD  DE SALUD MENTAL VILLAHERMOSA,27,TABASCO,4,CENTRO,18.01417066,-92.920879,120,4,,SI,MEDIO,"SE REVISO ENCONTRANDO FISURAS EN EL APLANADO DE UN MURO, NO REPRESENTA PELIGRO",,,Con Daño,,,,
,,TCSSA004564,DE HOSPITALIZACIÓN,HOSPITAL GENERAL DE TEAPA DR. NICANDRO L. MELO,27,TABASCO,16,TEAPA,17.55910827,-92.95031311,30,24,,SI,MEDIO,"REPORTA LA UNIDAD QUE PRESENTA FISURAS EN MUROS, SE REALIZARA EVALUACIÓN",,,Con Daño,,,,
,,VZSSA000976,DE HOSPITALIZACIÓN,HOSPITAL DE LA COMUNIDAD CATEMACO,30,VERACRUZ DE IGNACIO DE LA LLAVE,32,CATEMACO,18.42100783,-95.10131652,13,8,,SI,MEDIO,Fracturas en muros y filtraciones en consulta externa,,,Con Daño,,,,
,,VZSSA001150,DE HOSPITALIZACIÓN,HOSPITAL REGIONAL DE COATZACOALCOS DR.VALENTIN GÓMEZ FARIAS,30,VERACRUZ DE IGNACIO DE LA LLAVE,39,COATZACOALCOS,18.1453556,-94.42419,112,43,,SI,MENOR,Cuarteaduras en 4° piso,,,Con Daño,,,,
,,VZSSA002690,DE HOSPITALIZACIÓN,HOSPITAL COMUNITARIO DE IXHUATLAN DEL SURESTE,30,VERACRUZ DE IGNACIO DE LA LLAVE,82,IXHUATLÁN DEL SURESTE,18.028156,-94.394587,26,20,,SI,MAYOR,"Obras Públicas y Protección Civil municipal indicaron el desalojo de las áreas de hospitalización, ya que el techo está dañado y únicamente se sujeta de las varillas; además, hay filtraciones en hospitalización, urgencias y neonatos",,,Con Daño,,,,
,,VZSSA003163,DE HOSPITALIZACIÓN,HOSPITAL DE LA COMUNIDAD SUCHILAPAN DEL RÍO. CARMEN BOUZAS DE LÓPEZ ARIAS,30,VERACRUZ DE IGNACIO DE LA LLAVE,91,JESÚS CARRANZA,17.39110399,-94.98810514,15,9,,SI,MENOR,"La mayoria de los muros que estan recubiertos con acabados cerámicos presentan desprendimientos rupturas y/o abultamiento, algunos muros presenta fisuras las cuales no ponen en riesgo la estabilidad de la edificación.El área de almacén y cuarto de máquinas sufrió acentamiento proocado por separaciones de los elementos.",,,Con Daño,,,,
,,VZSSA003361,DE HOSPITALIZACIÓN,HOSPITAL GENERAL MARTÍNEZ DE LA TORRE ,30,VERACRUZ DE IGNACIO DE LA LLAVE,102,MARTÍNEZ DE LA TORRE,20.08077211,-97.04824084,18,18,,SI,MENOR,Caída de láminas de las techumbres del almacén y estacionamiento de ambulancias,,,Con Daño,,,,
,,VZSSA004744,DE HOSPITALIZACIÓN,HOSPITAL REGIONAL  POZA RICA DE HIDALGO,30,VERACRUZ DE IGNACIO DE LA LLAVE,131,POZA RICA DE HIDALGO,20.554499,-97.439154,100,44,,SI,MEDIO,"En las áreas de: hospitalización de medicina interna, urgencias y banco de sangre se presentan fisuras en muros y pisos, las cuales no presenta daños a la estructura de la unidad.",,,Con Daño,,,,
,,VZSSA004860,DE HOSPITALIZACIÓN,HOSPITAL REGIONAL RÍO BLANCO,30,VERACRUZ DE IGNACIO DE LA LLAVE,138,RÍO BLANCO,18.835268,-97.12546,140,64,,SI,MEDIO,"Cuarteaduras en las área de terapia intensiva de aultos y neonatos, ginecología, pasillos, quirófano y sala de recuperación;  las cuales no presenta daños a la estructura de la unidad.",,,Con Daño,,,,
,,VZSSA004913,DE HOSPITALIZACIÓN,HOSPITAL GENERAL SAN ANDRÉS TUXTLA. DR. BERNARDO PEÑA,30,VERACRUZ DE IGNACIO DE LA LLAVE,141,SAN ANDRÉS TUXTLA,18.44315611,-95.20894283,40,15,,SI,MENOR,Hospitalización cerrada por filtraciones,,,Con Daño,,,,
,,VZSSA005106,DE HOSPITALIZACIÓN,HOSPITAL GENERAL DE SANTIAGO TUXTLA,30,VERACRUZ DE IGNACIO DE LA LLAVE,143,SANTIAGO TUXTLA,18.45848317,-95.30817566,24,17,,SI,MENOR,Se anegó parcialmente por problemas del drenaje municipal,,,Con Daño,,,,
,,VZSSA005193,DE CONSULTA EXTERNA,MEDIAS AGUAS,30,VERACRUZ DE IGNACIO DE LA LLAVE,144,SAYULA DE ALEMÁN,17.6678,-95.0296,0,0,,SI,MAYOR,"Cuarteaduras en firmes, muros y losas, además de estar expuesto y corroido el acero de refuerzo del techo.",,,Con Daño,,,,
,,VZSSA005980,DE HOSPITALIZACIÓN,HOSPITAL DE LA COMUNIDAD  DE TEMPOAL,30,VERACRUZ DE IGNACIO DE LA LLAVE,161,TEMPOAL,21.51900574,-98.39544641,17,11,,SI,MENOR,Desprendimiento de falso plafón en la central de enfermeras de hospitalización,,,Con Daño,,,,
,,VZSSA006313,DE HOSPITALIZACIÓN,HOSPITAL GENERAL DE  TIERRA BLANCA JESÚS GARCÍA CORONA,30,VERACRUZ DE IGNACIO DE LA LLAVE,174,TIERRA BLANCA,18.4417872,-96.34721247,30,14,,SI,MENOR,Grietas menores y filtraciones en almacén,,,Con Daño,,,,
,,VZSSA006576,DE HOSPITALIZACIÓN,HOSPITAL DE LA COMUNIDAD TLACOTALPAN,30,VERACRUZ DE IGNACIO DE LA LLAVE,178,TLACOTALPAN,18.61155628,-95.65668312,12,8,,SI,MENOR,Presenta grietas superficiales en muros divisorios sin afectaciones a la estructura,,,Con Daño,,,,
,,VZSSA006716,DE HOSPITALIZACIÓN,HOSPITAL DE LA COMUNDAD DE TLAPACOYAN,30,VERACRUZ DE IGNACIO DE LA LLAVE,183,TLAPACOYAN,19.963964,-97.218977,15,13,,SI,MENOR,Desprendimiento de falso plafón ,,,Con Daño,,,,
,,VZSSA006972,DE HOSPITALIZACIÓN,HOSPITAL DE ALTA ESPECIALIDAD DE VERACRUZ,30,VERACRUZ DE IGNACIO DE LA LLAVE,193,VERACRUZ,19.185533,-96.132028,244,96,,SI,MENOR,"Fisuras en pisos, muros y plafones en los pisos 3 y 5",,,Con Daño,,,,
,,VZSSA007684,DE HOSPITALIZACIÓN,HOSPITAL COMUNITARIO DE TONALAPAN,30,VERACRUZ DE IGNACIO DE LA LLAVE,104,MECAYAPAN,18.14835469,-94.79163939,13,9,,SI,MENOR,Quirófano cerrado por filtraciones,,,Con Daño,,,,
,,VZSSA007754,DE HOSPITALIZACIÓN,HOSPITAL GENERAL TLALIXCOYAN,30,VERACRUZ DE IGNACIO DE LA LLAVE,181,TLALIXCOYAN,18.79976887,-96.05760986,24,12,,SI,MENOR,Grietas en muros divisorios ,,,Con Daño,,,,
,,VZSSA010212,DE HOSPITALIZACIÓN,HOSPITAL GENERAL DE  BOCA DEL RIO,30,VERACRUZ DE IGNACIO DE LA LLAVE,28,BOCA DEL RÍO,19.10332891,-96.10865766,60,24,,SI,MENOR,Cuarteaduras en esquinas,,,Con Daño,,,,
,,VZSSA015411,DE HOSPITALIZACIÓN,HOSPITAL GENERAL ISLA,30,VERACRUZ DE IGNACIO DE LA LLAVE,77,ISLA,18.0376261,-95.5300389,46,19,,SI,MEDIO,"Grietas en muros y lozas en las áreas de hospitalización mujeres y pediatría, y desprendimiento de plafón en hospitalización hombres",,,Con Daño,,,,
,,VZSSA016035,DE HOSPITALIZACIÓN,HOSPITAL GENERAL ÁLAMO,30,VERACRUZ DE IGNACIO DE LA LLAVE,160,ÁLAMO TEMAPACHE,20.8853311,-97.6532851,30,20,,SI,MENOR,Filtraciones en consulta externa,,,Con Daño,,,,
